--
-- PostgreSQL database dump
--

\restrict a9ObrtSN9SwSTTldwDLK9btgTwkPk0AganKbTFhfPTe6RSAHgyVKbH81eWjaPwD

-- Dumped from database version 18.1
-- Dumped by pg_dump version 18.1

SET statement_timeout = 0;
SET lock_timeout = 0;
SET idle_in_transaction_session_timeout = 0;
SET transaction_timeout = 0;
SET client_encoding = 'UTF8';
SET standard_conforming_strings = on;
SELECT pg_catalog.set_config('search_path', '', false);
SET check_function_bodies = false;
SET xmloption = content;
SET client_min_messages = warning;
SET row_security = off;

--
-- Name: public; Type: SCHEMA; Schema: -; Owner: ardhan
--

-- *not* creating schema, since initdb creates it


ALTER SCHEMA public OWNER TO ardhan;

SET default_tablespace = '';

SET default_table_access_method = heap;

--
-- Name: account_emailaddress; Type: TABLE; Schema: public; Owner: ardhan
--

CREATE TABLE public.account_emailaddress (
    id integer NOT NULL,
    email character varying(254) NOT NULL,
    verified boolean NOT NULL,
    "primary" boolean NOT NULL,
    user_id bigint NOT NULL
);


ALTER TABLE public.account_emailaddress OWNER TO ardhan;

--
-- Name: account_emailaddress_id_seq; Type: SEQUENCE; Schema: public; Owner: ardhan
--

ALTER TABLE public.account_emailaddress ALTER COLUMN id ADD GENERATED BY DEFAULT AS IDENTITY (
    SEQUENCE NAME public.account_emailaddress_id_seq
    START WITH 1
    INCREMENT BY 1
    NO MINVALUE
    NO MAXVALUE
    CACHE 1
);


--
-- Name: account_emailconfirmation; Type: TABLE; Schema: public; Owner: ardhan
--

CREATE TABLE public.account_emailconfirmation (
    id integer NOT NULL,
    created timestamp with time zone NOT NULL,
    sent timestamp with time zone,
    key character varying(64) NOT NULL,
    email_address_id integer NOT NULL
);


ALTER TABLE public.account_emailconfirmation OWNER TO ardhan;

--
-- Name: account_emailconfirmation_id_seq; Type: SEQUENCE; Schema: public; Owner: ardhan
--

ALTER TABLE public.account_emailconfirmation ALTER COLUMN id ADD GENERATED BY DEFAULT AS IDENTITY (
    SEQUENCE NAME public.account_emailconfirmation_id_seq
    START WITH 1
    INCREMENT BY 1
    NO MINVALUE
    NO MAXVALUE
    CACHE 1
);


--
-- Name: accounts_user; Type: TABLE; Schema: public; Owner: ardhan
--

CREATE TABLE public.accounts_user (
    id bigint NOT NULL,
    password character varying(128) NOT NULL,
    last_login timestamp with time zone,
    is_superuser boolean NOT NULL,
    username character varying(150) NOT NULL,
    first_name character varying(150) NOT NULL,
    last_name character varying(150) NOT NULL,
    email character varying(254) NOT NULL,
    is_staff boolean NOT NULL,
    is_active boolean NOT NULL,
    date_joined timestamp with time zone NOT NULL,
    role character varying(10) NOT NULL
);


ALTER TABLE public.accounts_user OWNER TO ardhan;

--
-- Name: accounts_user_groups; Type: TABLE; Schema: public; Owner: ardhan
--

CREATE TABLE public.accounts_user_groups (
    id bigint NOT NULL,
    user_id bigint NOT NULL,
    group_id integer NOT NULL
);


ALTER TABLE public.accounts_user_groups OWNER TO ardhan;

--
-- Name: accounts_user_groups_id_seq; Type: SEQUENCE; Schema: public; Owner: ardhan
--

ALTER TABLE public.accounts_user_groups ALTER COLUMN id ADD GENERATED BY DEFAULT AS IDENTITY (
    SEQUENCE NAME public.accounts_user_groups_id_seq
    START WITH 1
    INCREMENT BY 1
    NO MINVALUE
    NO MAXVALUE
    CACHE 1
);


--
-- Name: accounts_user_id_seq; Type: SEQUENCE; Schema: public; Owner: ardhan
--

ALTER TABLE public.accounts_user ALTER COLUMN id ADD GENERATED BY DEFAULT AS IDENTITY (
    SEQUENCE NAME public.accounts_user_id_seq
    START WITH 1
    INCREMENT BY 1
    NO MINVALUE
    NO MAXVALUE
    CACHE 1
);


--
-- Name: accounts_user_user_permissions; Type: TABLE; Schema: public; Owner: ardhan
--

CREATE TABLE public.accounts_user_user_permissions (
    id bigint NOT NULL,
    user_id bigint NOT NULL,
    permission_id integer NOT NULL
);


ALTER TABLE public.accounts_user_user_permissions OWNER TO ardhan;

--
-- Name: accounts_user_user_permissions_id_seq; Type: SEQUENCE; Schema: public; Owner: ardhan
--

ALTER TABLE public.accounts_user_user_permissions ALTER COLUMN id ADD GENERATED BY DEFAULT AS IDENTITY (
    SEQUENCE NAME public.accounts_user_user_permissions_id_seq
    START WITH 1
    INCREMENT BY 1
    NO MINVALUE
    NO MAXVALUE
    CACHE 1
);


--
-- Name: auth_group; Type: TABLE; Schema: public; Owner: ardhan
--

CREATE TABLE public.auth_group (
    id integer NOT NULL,
    name character varying(150) NOT NULL
);


ALTER TABLE public.auth_group OWNER TO ardhan;

--
-- Name: auth_group_id_seq; Type: SEQUENCE; Schema: public; Owner: ardhan
--

ALTER TABLE public.auth_group ALTER COLUMN id ADD GENERATED BY DEFAULT AS IDENTITY (
    SEQUENCE NAME public.auth_group_id_seq
    START WITH 1
    INCREMENT BY 1
    NO MINVALUE
    NO MAXVALUE
    CACHE 1
);


--
-- Name: auth_group_permissions; Type: TABLE; Schema: public; Owner: ardhan
--

CREATE TABLE public.auth_group_permissions (
    id bigint NOT NULL,
    group_id integer NOT NULL,
    permission_id integer NOT NULL
);


ALTER TABLE public.auth_group_permissions OWNER TO ardhan;

--
-- Name: auth_group_permissions_id_seq; Type: SEQUENCE; Schema: public; Owner: ardhan
--

ALTER TABLE public.auth_group_permissions ALTER COLUMN id ADD GENERATED BY DEFAULT AS IDENTITY (
    SEQUENCE NAME public.auth_group_permissions_id_seq
    START WITH 1
    INCREMENT BY 1
    NO MINVALUE
    NO MAXVALUE
    CACHE 1
);


--
-- Name: auth_permission; Type: TABLE; Schema: public; Owner: ardhan
--

CREATE TABLE public.auth_permission (
    id integer NOT NULL,
    name character varying(255) NOT NULL,
    content_type_id integer NOT NULL,
    codename character varying(100) NOT NULL
);


ALTER TABLE public.auth_permission OWNER TO ardhan;

--
-- Name: auth_permission_id_seq; Type: SEQUENCE; Schema: public; Owner: ardhan
--

ALTER TABLE public.auth_permission ALTER COLUMN id ADD GENERATED BY DEFAULT AS IDENTITY (
    SEQUENCE NAME public.auth_permission_id_seq
    START WITH 1
    INCREMENT BY 1
    NO MINVALUE
    NO MAXVALUE
    CACHE 1
);


--
-- Name: django_admin_log; Type: TABLE; Schema: public; Owner: ardhan
--

CREATE TABLE public.django_admin_log (
    id integer NOT NULL,
    action_time timestamp with time zone NOT NULL,
    object_id text,
    object_repr character varying(200) NOT NULL,
    action_flag smallint NOT NULL,
    change_message text NOT NULL,
    content_type_id integer,
    user_id bigint NOT NULL,
    CONSTRAINT django_admin_log_action_flag_check CHECK ((action_flag >= 0))
);


ALTER TABLE public.django_admin_log OWNER TO ardhan;

--
-- Name: django_admin_log_id_seq; Type: SEQUENCE; Schema: public; Owner: ardhan
--

ALTER TABLE public.django_admin_log ALTER COLUMN id ADD GENERATED BY DEFAULT AS IDENTITY (
    SEQUENCE NAME public.django_admin_log_id_seq
    START WITH 1
    INCREMENT BY 1
    NO MINVALUE
    NO MAXVALUE
    CACHE 1
);


--
-- Name: django_content_type; Type: TABLE; Schema: public; Owner: ardhan
--

CREATE TABLE public.django_content_type (
    id integer NOT NULL,
    app_label character varying(100) NOT NULL,
    model character varying(100) NOT NULL
);


ALTER TABLE public.django_content_type OWNER TO ardhan;

--
-- Name: django_content_type_id_seq; Type: SEQUENCE; Schema: public; Owner: ardhan
--

ALTER TABLE public.django_content_type ALTER COLUMN id ADD GENERATED BY DEFAULT AS IDENTITY (
    SEQUENCE NAME public.django_content_type_id_seq
    START WITH 1
    INCREMENT BY 1
    NO MINVALUE
    NO MAXVALUE
    CACHE 1
);


--
-- Name: django_migrations; Type: TABLE; Schema: public; Owner: ardhan
--

CREATE TABLE public.django_migrations (
    id bigint NOT NULL,
    app character varying(255) NOT NULL,
    name character varying(255) NOT NULL,
    applied timestamp with time zone NOT NULL
);


ALTER TABLE public.django_migrations OWNER TO ardhan;

--
-- Name: django_migrations_id_seq; Type: SEQUENCE; Schema: public; Owner: ardhan
--

ALTER TABLE public.django_migrations ALTER COLUMN id ADD GENERATED BY DEFAULT AS IDENTITY (
    SEQUENCE NAME public.django_migrations_id_seq
    START WITH 1
    INCREMENT BY 1
    NO MINVALUE
    NO MAXVALUE
    CACHE 1
);


--
-- Name: django_session; Type: TABLE; Schema: public; Owner: ardhan
--

CREATE TABLE public.django_session (
    session_key character varying(40) NOT NULL,
    session_data text NOT NULL,
    expire_date timestamp with time zone NOT NULL
);


ALTER TABLE public.django_session OWNER TO ardhan;

--
-- Name: django_site; Type: TABLE; Schema: public; Owner: ardhan
--

CREATE TABLE public.django_site (
    id integer NOT NULL,
    domain character varying(100) NOT NULL,
    name character varying(50) NOT NULL
);


ALTER TABLE public.django_site OWNER TO ardhan;

--
-- Name: django_site_id_seq; Type: SEQUENCE; Schema: public; Owner: ardhan
--

ALTER TABLE public.django_site ALTER COLUMN id ADD GENERATED BY DEFAULT AS IDENTITY (
    SEQUENCE NAME public.django_site_id_seq
    START WITH 1
    INCREMENT BY 1
    NO MINVALUE
    NO MAXVALUE
    CACHE 1
);


--
-- Name: materi_matapelajaran; Type: TABLE; Schema: public; Owner: ardhan
--

CREATE TABLE public.materi_matapelajaran (
    id bigint NOT NULL,
    judul character varying(255) NOT NULL,
    deskripsi text NOT NULL,
    slug character varying(50) NOT NULL,
    cover_image character varying(100)
);


ALTER TABLE public.materi_matapelajaran OWNER TO ardhan;

--
-- Name: materi_matapelajaran_id_seq; Type: SEQUENCE; Schema: public; Owner: ardhan
--

ALTER TABLE public.materi_matapelajaran ALTER COLUMN id ADD GENERATED BY DEFAULT AS IDENTITY (
    SEQUENCE NAME public.materi_matapelajaran_id_seq
    START WITH 1
    INCREMENT BY 1
    NO MINVALUE
    NO MAXVALUE
    CACHE 1
);


--
-- Name: materi_materiutama; Type: TABLE; Schema: public; Owner: ardhan
--

CREATE TABLE public.materi_materiutama (
    id bigint NOT NULL,
    judul character varying(255) NOT NULL,
    deskripsi text,
    slug character varying(50) NOT NULL,
    cover_image character varying(100)
);


ALTER TABLE public.materi_materiutama OWNER TO ardhan;

--
-- Name: materi_materiutama_id_seq; Type: SEQUENCE; Schema: public; Owner: ardhan
--

ALTER TABLE public.materi_materiutama ALTER COLUMN id ADD GENERATED BY DEFAULT AS IDENTITY (
    SEQUENCE NAME public.materi_materiutama_id_seq
    START WITH 1
    INCREMENT BY 1
    NO MINVALUE
    NO MAXVALUE
    CACHE 1
);


--
-- Name: materi_submateri; Type: TABLE; Schema: public; Owner: ardhan
--

CREATE TABLE public.materi_submateri (
    id bigint NOT NULL,
    judul character varying(255) NOT NULL,
    slug character varying(50) NOT NULL,
    isi text NOT NULL,
    file character varying(100),
    gambar character varying(100),
    urutan integer NOT NULL,
    updated_at timestamp with time zone NOT NULL,
    parent_id bigint NOT NULL,
    CONSTRAINT materi_submateri_urutan_check CHECK ((urutan >= 0))
);


ALTER TABLE public.materi_submateri OWNER TO ardhan;

--
-- Name: materi_submateri_id_seq; Type: SEQUENCE; Schema: public; Owner: ardhan
--

ALTER TABLE public.materi_submateri ALTER COLUMN id ADD GENERATED BY DEFAULT AS IDENTITY (
    SEQUENCE NAME public.materi_submateri_id_seq
    START WITH 1
    INCREMENT BY 1
    NO MINVALUE
    NO MAXVALUE
    CACHE 1
);


--
-- Name: socialaccount_socialaccount; Type: TABLE; Schema: public; Owner: ardhan
--

CREATE TABLE public.socialaccount_socialaccount (
    id integer NOT NULL,
    provider character varying(200) NOT NULL,
    uid character varying(191) NOT NULL,
    last_login timestamp with time zone NOT NULL,
    date_joined timestamp with time zone NOT NULL,
    extra_data jsonb NOT NULL,
    user_id bigint NOT NULL
);


ALTER TABLE public.socialaccount_socialaccount OWNER TO ardhan;

--
-- Name: socialaccount_socialaccount_id_seq; Type: SEQUENCE; Schema: public; Owner: ardhan
--

ALTER TABLE public.socialaccount_socialaccount ALTER COLUMN id ADD GENERATED BY DEFAULT AS IDENTITY (
    SEQUENCE NAME public.socialaccount_socialaccount_id_seq
    START WITH 1
    INCREMENT BY 1
    NO MINVALUE
    NO MAXVALUE
    CACHE 1
);


--
-- Name: socialaccount_socialapp; Type: TABLE; Schema: public; Owner: ardhan
--

CREATE TABLE public.socialaccount_socialapp (
    id integer NOT NULL,
    provider character varying(30) NOT NULL,
    name character varying(40) NOT NULL,
    client_id character varying(191) NOT NULL,
    secret character varying(191) NOT NULL,
    key character varying(191) NOT NULL,
    provider_id character varying(200) NOT NULL,
    settings jsonb NOT NULL
);


ALTER TABLE public.socialaccount_socialapp OWNER TO ardhan;

--
-- Name: socialaccount_socialapp_id_seq; Type: SEQUENCE; Schema: public; Owner: ardhan
--

ALTER TABLE public.socialaccount_socialapp ALTER COLUMN id ADD GENERATED BY DEFAULT AS IDENTITY (
    SEQUENCE NAME public.socialaccount_socialapp_id_seq
    START WITH 1
    INCREMENT BY 1
    NO MINVALUE
    NO MAXVALUE
    CACHE 1
);


--
-- Name: socialaccount_socialapp_sites; Type: TABLE; Schema: public; Owner: ardhan
--

CREATE TABLE public.socialaccount_socialapp_sites (
    id bigint NOT NULL,
    socialapp_id integer NOT NULL,
    site_id integer NOT NULL
);


ALTER TABLE public.socialaccount_socialapp_sites OWNER TO ardhan;

--
-- Name: socialaccount_socialapp_sites_id_seq; Type: SEQUENCE; Schema: public; Owner: ardhan
--

ALTER TABLE public.socialaccount_socialapp_sites ALTER COLUMN id ADD GENERATED BY DEFAULT AS IDENTITY (
    SEQUENCE NAME public.socialaccount_socialapp_sites_id_seq
    START WITH 1
    INCREMENT BY 1
    NO MINVALUE
    NO MAXVALUE
    CACHE 1
);


--
-- Name: socialaccount_socialtoken; Type: TABLE; Schema: public; Owner: ardhan
--

CREATE TABLE public.socialaccount_socialtoken (
    id integer NOT NULL,
    token text NOT NULL,
    token_secret text NOT NULL,
    expires_at timestamp with time zone,
    account_id integer NOT NULL,
    app_id integer
);


ALTER TABLE public.socialaccount_socialtoken OWNER TO ardhan;

--
-- Name: socialaccount_socialtoken_id_seq; Type: SEQUENCE; Schema: public; Owner: ardhan
--

ALTER TABLE public.socialaccount_socialtoken ALTER COLUMN id ADD GENERATED BY DEFAULT AS IDENTITY (
    SEQUENCE NAME public.socialaccount_socialtoken_id_seq
    START WITH 1
    INCREMENT BY 1
    NO MINVALUE
    NO MAXVALUE
    CACHE 1
);


--
-- Data for Name: account_emailaddress; Type: TABLE DATA; Schema: public; Owner: ardhan
--

COPY public.account_emailaddress (id, email, verified, "primary", user_id) FROM stdin;
\.


--
-- Data for Name: account_emailconfirmation; Type: TABLE DATA; Schema: public; Owner: ardhan
--

COPY public.account_emailconfirmation (id, created, sent, key, email_address_id) FROM stdin;
\.


--
-- Data for Name: accounts_user; Type: TABLE DATA; Schema: public; Owner: ardhan
--

COPY public.accounts_user (id, password, last_login, is_superuser, username, first_name, last_name, email, is_staff, is_active, date_joined, role) FROM stdin;
1		\N	f	ardhanaulia222@gmail.com			ardhanaulia222@gmail.com	f	t	2025-10-03 07:49:38+07	siswa
3		\N	f	kokonut2217@gmail.com			kokonut2217@gmail.com	f	t	2025-10-03 12:16:14.186+07	admin
2	pbkdf2_sha256$1000000$sQpVlaTh2Ftp3OxILmp7Ex$h1kd+ju8wDpr0sOlHeb5bKuqL9KW9IxlrgsWnAhasIY=	2025-12-11 08:33:12.854278+07	t	ardhan				t	t	2025-10-03 12:14:40.546+07	admin
\.


--
-- Data for Name: accounts_user_groups; Type: TABLE DATA; Schema: public; Owner: ardhan
--

COPY public.accounts_user_groups (id, user_id, group_id) FROM stdin;
\.


--
-- Data for Name: accounts_user_user_permissions; Type: TABLE DATA; Schema: public; Owner: ardhan
--

COPY public.accounts_user_user_permissions (id, user_id, permission_id) FROM stdin;
\.


--
-- Data for Name: auth_group; Type: TABLE DATA; Schema: public; Owner: ardhan
--

COPY public.auth_group (id, name) FROM stdin;
\.


--
-- Data for Name: auth_group_permissions; Type: TABLE DATA; Schema: public; Owner: ardhan
--

COPY public.auth_group_permissions (id, group_id, permission_id) FROM stdin;
\.


--
-- Data for Name: auth_permission; Type: TABLE DATA; Schema: public; Owner: ardhan
--

COPY public.auth_permission (id, name, content_type_id, codename) FROM stdin;
1	Can add log entry	1	add_logentry
2	Can change log entry	1	change_logentry
3	Can delete log entry	1	delete_logentry
4	Can view log entry	1	view_logentry
5	Can add permission	2	add_permission
6	Can change permission	2	change_permission
7	Can delete permission	2	delete_permission
8	Can view permission	2	view_permission
9	Can add group	3	add_group
10	Can change group	3	change_group
11	Can delete group	3	delete_group
12	Can view group	3	view_group
13	Can add content type	4	add_contenttype
14	Can change content type	4	change_contenttype
15	Can delete content type	4	delete_contenttype
16	Can view content type	4	view_contenttype
17	Can add session	5	add_session
18	Can change session	5	change_session
19	Can delete session	5	delete_session
20	Can view session	5	view_session
21	Can add site	6	add_site
22	Can change site	6	change_site
23	Can delete site	6	delete_site
24	Can view site	6	view_site
25	Can add email address	7	add_emailaddress
26	Can change email address	7	change_emailaddress
27	Can delete email address	7	delete_emailaddress
28	Can view email address	7	view_emailaddress
29	Can add email confirmation	8	add_emailconfirmation
30	Can change email confirmation	8	change_emailconfirmation
31	Can delete email confirmation	8	delete_emailconfirmation
32	Can view email confirmation	8	view_emailconfirmation
33	Can add social account	9	add_socialaccount
34	Can change social account	9	change_socialaccount
35	Can delete social account	9	delete_socialaccount
36	Can view social account	9	view_socialaccount
37	Can add social application	10	add_socialapp
38	Can change social application	10	change_socialapp
39	Can delete social application	10	delete_socialapp
40	Can view social application	10	view_socialapp
41	Can add social application token	11	add_socialtoken
42	Can change social application token	11	change_socialtoken
43	Can delete social application token	11	delete_socialtoken
44	Can view social application token	11	view_socialtoken
45	Can add user	12	add_user
46	Can change user	12	change_user
47	Can delete user	12	delete_user
48	Can view user	12	view_user
53	Can add sub materi	14	add_submateri
54	Can change sub materi	14	change_submateri
55	Can delete sub materi	14	delete_submateri
56	Can view sub materi	14	view_submateri
49	Can add materi utama	13	add_materiutama
50	Can change materi utama	13	change_materiutama
51	Can delete materi utama	13	delete_materiutama
52	Can view materi utama	13	view_materiutama
57	Can add mata pelajaran	15	add_matapelajaran
58	Can change mata pelajaran	15	change_matapelajaran
59	Can delete mata pelajaran	15	delete_matapelajaran
60	Can view mata pelajaran	15	view_matapelajaran
\.


--
-- Data for Name: django_admin_log; Type: TABLE DATA; Schema: public; Owner: ardhan
--

COPY public.django_admin_log (id, action_time, object_id, object_repr, action_flag, change_message, content_type_id, user_id) FROM stdin;
1	2025-10-03 12:19:27.069+07	1	ardhanaulia222@gmail.com	2	[{"changed": {"fields": ["Role"]}}]	12	2
2	2025-10-03 12:27:44.421+07	1	ardhanaulia222@gmail.com	2	[{"changed": {"fields": ["Role"]}}]	12	2
3	2025-10-06 06:54:47.457+07	1	Biologi Kelas X	1	[{"added": {}}]	13	2
4	2025-10-06 06:55:13.886+07	1	Biologi Kelas X - Reproduksi hewan	1	[{"added": {}}]	14	2
5	2025-10-06 06:55:20.252+07	1	Biologi Kelas X	2	[]	13	2
6	2025-10-06 12:13:59.924+07	2	Biologi Kelas X - Flora dan duna	1	[{"added": {}}]	14	2
7	2025-10-06 18:54:47.537+07	2	Biologi Kelas X - Flora dan duna	2	[{"changed": {"fields": ["Isi"]}}]	14	2
8	2025-10-07 05:49:44.857+07	1	Biologi Kelas X - Reproduksi hewan	2	[{"changed": {"fields": ["Gambar"]}}]	14	2
9	2025-10-07 06:09:08.745+07	1	Biologi Kelas X - Reproduksi hewan	2	[{"changed": {"fields": ["Isi"]}}]	14	2
10	2025-10-07 07:59:25.434+07	1	Biologi Kelas X - Reproduksi hewan	2	[]	14	2
11	2025-10-07 08:02:45.497+07	1	Biologi Kelas X - Reproduksi hewan	2	[{"changed": {"fields": ["Isi"]}}]	14	2
12	2025-10-08 04:57:11.651+07	2	Biologi Kelas X - Flora dan fauna	2	[{"changed": {"fields": ["Judul", "Slug"]}}]	14	2
13	2025-10-08 04:58:23.052+07	2	Biologi Kelas X - Flora dan fauna	2	[]	14	2
14	2025-12-11 12:22:29.802309+07	1	Ilmu Pengetahuan Alam Kelas IX	1	[{"added": {}}]	15	2
15	2025-12-11 12:33:32.678599+07	1	Biologi Kelas X	2	[{"changed": {"fields": ["Mapel"]}}]	13	2
16	2025-12-11 13:44:35.952192+07	1	Ilmu Pengetahuan Sosial Kelas IX - Perubahan Sosial	2	[{"changed": {"fields": ["Judul", "Slug"]}}]	14	2
17	2025-12-11 18:47:08.866322+07	1	Ilmu Pengetahuan Sosial Kelas IX - Perubahan Sosial	2	[]	14	2
18	2025-12-11 18:47:15.233889+07	2	Ilmu Pengetahuan Sosial Kelas IX - Perubahan Sosial 2	2	[{"changed": {"fields": ["Urutan"]}}]	14	2
19	2025-12-11 18:47:25.283964+07	3	Ilmu Pengetahuan Sosial Kelas IX - Perubahan Soisal III	2	[{"changed": {"fields": ["Urutan"]}}]	14	2
20	2025-12-11 18:47:32.840529+07	4	Ilmu Pengetahuan Sosial Kelas IX - Perubahan Sosial IV	2	[{"changed": {"fields": ["Urutan"]}}]	14	2
21	2025-12-11 18:47:39.246725+07	5	Ilmu Pengetahuan Sosial Kelas IX - Perubahan Sosial V	2	[{"changed": {"fields": ["Urutan"]}}]	14	2
22	2025-12-11 18:47:44.326862+07	4	Ilmu Pengetahuan Sosial Kelas IX - Perubahan Sosial IV	2	[]	14	2
23	2025-12-11 19:23:54.665362+07	2	Ilmu Pengetahuan Sosial Kelas IX - Perubahan Sosial II	2	[{"changed": {"fields": ["Judul", "Slug"]}}]	14	2
24	2025-12-11 19:23:57.87807+07	3	Ilmu Pengetahuan Sosial Kelas IX - Perubahan Soisal III	2	[]	14	2
25	2025-12-11 19:24:10.053479+07	1	Ilmu Pengetahuan Sosial Kelas IX - Perubahan Sosial I	2	[{"changed": {"fields": ["Judul", "Slug"]}}]	14	2
26	2025-12-11 19:24:16.899493+07	4	Ilmu Pengetahuan Sosial Kelas IX - Perubahan Sosial IV	2	[]	14	2
27	2025-12-13 16:13:08.766765+07	7	Biologi Semester Ganjil Kelas IX - Pertumbuhan dan Perkembangan Manusia Bag. 2	2	[{"changed": {"fields": ["Judul"]}}]	14	2
28	2025-12-13 16:13:33.359797+07	7	Biologi Semester Ganjil Kelas IX - Pertumbuhan dan Perkembangan Manusia Bag. 1	2	[{"changed": {"fields": ["Judul", "Slug"]}}]	14	2
29	2025-12-13 17:33:57.429921+07	18	Biologi Semester Ganjil Kelas IX - Perkembangan dan Pertumbuhan Tumbuhan	2	[{"changed": {"fields": ["Judul", "Slug"]}}]	14	2
\.


--
-- Data for Name: django_content_type; Type: TABLE DATA; Schema: public; Owner: ardhan
--

COPY public.django_content_type (id, app_label, model) FROM stdin;
1	admin	logentry
2	auth	permission
3	auth	group
4	contenttypes	contenttype
5	sessions	session
6	sites	site
7	account	emailaddress
8	account	emailconfirmation
9	socialaccount	socialaccount
10	socialaccount	socialapp
11	socialaccount	socialtoken
12	accounts	user
14	materi	submateri
13	materi	materiutama
15	materi	matapelajaran
\.


--
-- Data for Name: django_migrations; Type: TABLE DATA; Schema: public; Owner: ardhan
--

COPY public.django_migrations (id, app, name, applied) FROM stdin;
1	contenttypes	0001_initial	2025-12-08 19:49:24.65496+07
2	contenttypes	0002_remove_content_type_name	2025-12-08 19:49:24.661466+07
3	auth	0001_initial	2025-12-08 19:49:24.697865+07
4	auth	0002_alter_permission_name_max_length	2025-12-08 19:49:24.70179+07
5	auth	0003_alter_user_email_max_length	2025-12-08 19:49:24.705324+07
6	auth	0004_alter_user_username_opts	2025-12-08 19:49:24.709761+07
7	auth	0005_alter_user_last_login_null	2025-12-08 19:49:24.713559+07
8	auth	0006_require_contenttypes_0002	2025-12-08 19:49:24.714767+07
9	auth	0007_alter_validators_add_error_messages	2025-12-08 19:49:24.718563+07
10	auth	0008_alter_user_username_max_length	2025-12-08 19:49:24.723789+07
11	auth	0009_alter_user_last_name_max_length	2025-12-08 19:49:24.728599+07
12	auth	0010_alter_group_name_max_length	2025-12-08 19:49:24.734202+07
13	auth	0011_update_proxy_permissions	2025-12-08 19:49:24.738211+07
14	auth	0012_alter_user_first_name_max_length	2025-12-08 19:49:24.742477+07
15	accounts	0001_initial	2025-12-08 19:49:24.780728+07
16	account	0001_initial	2025-12-08 19:49:24.811464+07
17	account	0002_email_max_length	2025-12-08 19:49:24.818724+07
18	account	0003_alter_emailaddress_create_unique_verified_email	2025-12-08 19:49:24.831687+07
19	account	0004_alter_emailaddress_drop_unique_email	2025-12-08 19:49:24.846519+07
20	account	0005_emailaddress_idx_upper_email	2025-12-08 19:49:24.857242+07
21	account	0006_emailaddress_lower	2025-12-08 19:49:24.871378+07
22	account	0007_emailaddress_idx_email	2025-12-08 19:49:24.884418+07
23	account	0008_emailaddress_unique_primary_email_fixup	2025-12-08 19:49:24.895442+07
24	account	0009_emailaddress_unique_primary_email	2025-12-08 19:49:24.903465+07
25	accounts	0002_alter_user_role	2025-12-08 19:49:24.908847+07
26	admin	0001_initial	2025-12-08 19:49:24.926525+07
27	admin	0002_logentry_remove_auto_add	2025-12-08 19:49:24.93234+07
28	admin	0003_logentry_add_action_flag_choices	2025-12-08 19:49:24.938321+07
30	sessions	0001_initial	2025-12-08 19:49:24.968865+07
31	sites	0001_initial	2025-12-08 19:49:24.974022+07
32	sites	0002_alter_domain_unique	2025-12-08 19:49:24.979583+07
33	socialaccount	0001_initial	2025-12-08 19:49:25.04516+07
34	socialaccount	0002_token_max_lengths	2025-12-08 19:49:25.063311+07
35	socialaccount	0003_extra_data_default_dict	2025-12-08 19:49:25.07094+07
36	socialaccount	0004_app_provider_id_settings	2025-12-08 19:49:25.088261+07
37	socialaccount	0005_socialtoken_nullable_app	2025-12-08 19:49:25.104595+07
38	socialaccount	0006_alter_socialaccount_extra_data	2025-12-08 19:49:25.118743+07
39	materi	0002_matapelajaran_remove_materiutama_cover_image_and_more	2025-12-11 12:10:39.20774+07
40	materi	0001_initial	2025-12-11 13:09:25.239408+07
41	materi	0002_alter_materiutama_deskripsi	2025-12-11 13:09:25.245133+07
\.


--
-- Data for Name: django_session; Type: TABLE DATA; Schema: public; Owner: ardhan
--

COPY public.django_session (session_key, session_data, expire_date) FROM stdin;
8zegfgik5q7dzxp4j83v1k6ykc9xbt6a	.eJxVjDsOwyAQRO9CHSE-BkzK9D4DWtglOIlAMnYV5e6xJReJNNW8N_NmAba1hK3TEmZkV6bY5beLkJ5UD4APqPfGU6vrMkd-KPyknU8N6XU73b-DAr3sa6GHlJ2HTJS8AgXa2BSF3SO9lij8aBGQYjIkNI1ZGoXGeRkF6MEZ9vkC9F039g:1v6Ffh:VOK1EaHt5wcgQoNj2-ju6BRouAkob5Mpvf-eHLWQF6w	2025-10-22 04:56:37.809+07
cqoyr6hv4dnjoy0eajqjxep6m25o4k7u	.eJxVjDsOwyAQRO9CHSE-BkzK9D4DWtglOIlAMnYV5e6xJReJNNW8N_NmAba1hK3TEmZkV6bY5beLkJ5UD4APqPfGU6vrMkd-KPyknU8N6XU73b-DAr3sa6GHlJ2HTJS8AgXa2BSF3SO9lij8aBGQYjIkNI1ZGoXGeRkF6MEZ9vkC9F039g:1vNmEK:QHbGw1AGl9_7f_2PAJtAJ2ynq7DhWLP150DiOmtHG1I	2025-12-09 13:08:48.64+07
psxm35kp0vak4twwqgifs690r61810iy	.eJxVjDsOwyAQRO9CHSE-BkzK9D4DWtglOIlAMnYV5e6xJReJNNW8N_NmAba1hK3TEmZkV6bY5beLkJ5UD4APqPfGU6vrMkd-KPyknU8N6XU73b-DAr3sa6GHlJ2HTJS8AgXa2BSF3SO9lij8aBGQYjIkNI1ZGoXGeRkF6MEZ9vkC9F039g:1vNm0s:mBo4lT1IZLokMqgMucMC29vIVU7wRL2pyuEd1z0HCtw	2025-12-09 12:54:54.421+07
rfenhaicwuevh9g0wgpwzicsbbihccdp	.eJxVjDsOwyAQRO9CHSE-BkzK9D4DWtglOIlAMnYV5e6xJReJNNW8N_NmAba1hK3TEmZkV6bY5beLkJ5UD4APqPfGU6vrMkd-KPyknU8N6XU73b-DAr3sa6GHlJ2HTJS8AgXa2BSF3SO9lij8aBGQYjIkNI1ZGoXGeRkF6MEZ9vkC9F039g:1v4Y89:RdjmEmz-maOUwOBWyfuA899m3Vi-AVyefGGfXKEtdAM	2025-10-17 12:14:57.121+07
5x86h1lalicopkk3wo9cnmbw8n9cpcdd	.eJxVjDsOwyAQRO9CHSE-BkzK9D4DWtglOIlAMnYV5e6xJReJNNW8N_NmAba1hK3TEmZkV6bY5beLkJ5UD4APqPfGU6vrMkd-KPyknU8N6XU73b-DAr3sa6GHlJ2HTJS8AgXa2BSF3SO9lij8aBGQYjIkNI1ZGoXGeRkF6MEZ9vkC9F039g:1vTVYO:DJnIA4wD-Dh94W5iamD3Kwv0veLNg3xXilrmWEJVq-E	2025-12-25 08:33:12.856737+07
\.


--
-- Data for Name: django_site; Type: TABLE DATA; Schema: public; Owner: ardhan
--

COPY public.django_site (id, domain, name) FROM stdin;
1	example.com	example.com
\.


--
-- Data for Name: materi_matapelajaran; Type: TABLE DATA; Schema: public; Owner: ardhan
--

COPY public.materi_matapelajaran (id, judul, deskripsi, slug, cover_image) FROM stdin;
1	Ilmu Pengetahuan Alam Kelas IX	asfbntrnhtrenrtnrtnrt	ilmu-pengetahuan-alam-kelas-ix	
\.


--
-- Data for Name: materi_materiutama; Type: TABLE DATA; Schema: public; Owner: ardhan
--

COPY public.materi_materiutama (id, judul, deskripsi, slug, cover_image) FROM stdin;
1	Ilmu Pengetahuan Sosial Kelas IX	Mata pelajaran ini membahas tentang omfwepoijnviowerhbnuirebuiorenuioerhnbioernhioern jk nbueriognboieru nio regbn uerongker uorengoier ngoier ouge rge	ilmu-pengetahuan-sosial-kelas-ix	materi/covers/Screenshot_2025-12-11_184604.png
2	Biologi Semester Ganjil Kelas I	Materi akan membahas tentang	biologi-semester-ganjil-kelas-i	materi/covers/Gemini_Generated_Image_r35ggfr35ggfr35g.png
3	rwh	bwerhwerh	rwh	materi/covers/2.png
\.


--
-- Data for Name: materi_submateri; Type: TABLE DATA; Schema: public; Owner: ardhan
--

COPY public.materi_submateri (id, judul, slug, isi, file, gambar, urutan, updated_at, parent_id) FROM stdin;
2	Perubahan Sosial II	perubahan-sosial-ii	<p style="text-align: left;"><strong>Apa Penyebab Perubahan Sosial?</strong></p><p style="text-align: left;">Coba refleksikan perubahan-perubahan yang sudah terjadi pada dirimu sendiri dari masa kecil hingga saat ini. Perubahan pada diri seseorang selama hidupnya disebabkan oleh berbagai hal, di antaranya seperti perkembangan biologis, pendampingan orangtua, interaksi dengan teman serta lingkungan, dan lain sebagainya. Begitupun dengan perkembangan hidup masyarakat. Seiring dengan berjalannya waktu, masyarakat mengalami perubahan yang diakibatkan oleh faktor internal dan eksternal. Bagaimana penjelasannya? Simak pemaparan berikut.</p><p style="text-align: left;"></p><ul class="list-disc ml-10"><li><p style="text-align: left;"><strong>Faktor internal</strong> berasal dari dalam masyarakat, seperti perkembangan jumlah penduduk yang dapat menimbulkan persaingan kerja, pengangguran, atau kurangnya tenaga produktif; penemuan baru yang mengubah cara hidup, misalnya penggunaan robot yang menggantikan tenaga manusia; serta konflik sosial, baik vertikal maupun horizontal, yang dapat melahirkan aturan baru atau bahkan perubahan besar seperti Reformasi 1998.</p></li><li><p style="text-align: left;"><strong>Faktor eksternal</strong> berasal dari luar masyarakat, seperti interaksi dengan lingkungan alam yang memicu perubahan perilaku, pembangunan, atau penataan wilayah akibat pemanasan global dan bencana alam, serta interaksi dengan kebudayaan lain melalui perdagangan, hiburan, atau teknologi yang membawa pengaruh budaya baru, misalnya tren budaya Korea di Indonesia. Semua faktor tersebut saling berkaitan dan mendorong terjadinya perubahan dalam kehidupan masyarakat.</p></li></ul><p style="text-align: left;"></p><p style="text-align: left;"><strong>Bagaimana Dampak Perubahan Sosial?</strong></p><p style="text-align: left;">Sekarang mari kita bahas mengenai dampak perubahan sosial bagi kehidupan masyarakat. Perubahan sosial sebagai sebuah fenomena yang umum terjadi di masyarakat tentu saja membawa berbagai dampak bagi keberlangsungan hidup masyarakat tersebut. Dampak perubahan sosial ini dapat dibagi menjadi dua jenis, yakni dampak positif dan dampak negatif. Apa kalian sudah dapat membayangkan dampak-dampak tersebut? Untuk lebih jelasnya, silakan simak pemaparan berikut.</p><p style="text-align: left;"></p><ul class="list-disc ml-10"><li><p style="text-align: left;"><strong>Dampak positif perubahan sosial</strong> terlihat pada semakin majunya pola pikir masyarakat yang menjadi lebih terbuka dan rasional dalam menghadapi perubahan. Masyarakat juga memperoleh kesempatan yang lebih luas dalam mobilitas sosial, sehingga setiap orang memiliki peluang untuk meningkatkan kedudukan sosialnya melalui pendidikan dan kerja keras. Selain itu, perubahan sosial mendorong meningkatnya penghargaan terhadap hak asasi manusia, seperti kebebasan berpendapat, akses pendidikan, dan partisipasi dalam kehidupan demokratis.</p></li><li><p style="text-align: left;"><strong>Dampak negatif perubahan sosial</strong> muncul dalam bentuk kesenjangan sosial, yaitu ketidaksetaraan kemampuan masyarakat dalam memenuhi kebutuhan hidup akibat perubahan yang tidak merata. Pergeseran nilai dan norma juga dapat memunculkan perilaku negatif, seperti sikap individualistis, tindakan penipuan, pencurian, atau kekerasan yang dipicu oleh tekanan ekonomi. Selain itu, gaya hidup konsumtif dan hedonis turut menimbulkan masalah sosial seperti pergaulan bebas dan penyalahgunaan narkoba.</p></li></ul><p style="text-align: left;"></p>			2	2025-12-11 19:23:54.66393+07	1
3	Perubahan Soisal III	perubahan-soisal-iii	<p style="text-align: left;"><strong>Perubahan Sosial Masyarakat Indonesia di Era Modernisasi</strong></p><p style="text-align: left;">Masyarakat Indonesia telah mengalami berbagai perubahan seiring dengan dinamika perkembangan yang dialaminya. Salah satu perubahan yang paling signifikan dipicu oleh terjadinya modernisasi. Apakah kalian sudah mengetahui apa itu modernisasi? Era modernisasi di Indonesia sebetulnya sudah dimulai pada masa kolonial. Mekanisasi pertanian, pembangunan pabrik, pengadaan alat transportasi baru, dan lain sebagainya menjadi titik awal bagi perkembangan modernisasi. Namun, era modernisasi yang paling signifikan terjadi di masa kemerdekaan pada saat Indonesia sudah berhasil membangun pondasi dasar pembangunan dan mulai mengikuti arus kemajuan dunia. Masa-masa puncak modernisasi tersebut kurang lebih bermula dari tahun 70-80an hingga saat ini. Bagaimanakah kondisi masyarakat Indonesia di tengah proses modernisasi tersebut? Sebelumnya mari kita bahas terlebih dahulu mengenai konsep modernisasi.</p><p style="text-align: left;"></p><p style="text-align: left;"><strong>Apa Pengertian dan Ciri-Ciri Modernisasi?</strong></p><p style="text-align: left;">Modernisasi adalah proses menuju cara hidup yang sesuai dengan tuntutan masa kini, ditandai oleh pergeseran sikap dan pola pikir masyarakat menjadi lebih rasional, ilmiah, dan terbuka terhadap perubahan. Proses ini berkembang pesat sejak Revolusi Industri ketika teknologi dan mesin mulai digunakan untuk mempermudah aktivitas manusia, lalu menyebar ke seluruh dunia. Modernisasi tidak selalu berarti meninggalkan tradisi, karena masyarakat tradisional pun dapat mengadopsi teknologi tanpa menghilangkan nilai budaya asalkan sesuai kebutuhan, seperti pada masyarakat adat Ciptagelar yang tetap mempertahankan adat namun mampu membangun listrik mandiri dan menyediakan akses media. Secara umum, modernisasi tercermin dari pola pikir yang open minded serta corak aktivitas sehari-hari yang semakin bergantung pada teknologi untuk produksi maupun kebutuhan hidup.</p><p style="text-align: left;"></p><p style="text-align: left;"><strong>Bagaimana Kehidupan Masyarakat Indonesia Menyambut Era Modernisasi?</strong><br>Penggunaan mesin produksi pertanian, alat transportasi, serta komunikasi yang canggih oleh pemerintahan kolonial Belanda pada masa lalu menyadarkan masyarakat Indonesia bahwa dunia sudah berkembang demikian pesat. Oleh karenanya, setelah berhasil merebut kemerdekaan, Indonesia secara bersemangat mulai melakukan berbagai upaya perubahan yang kemudian berjalan semakin signifikan dengan adanya gelombang modernisasi yang meluas pada masa pemerintahan Orde Baru. Masyarakat Indonesia kemudian ikut berkembang seiring dengan kemajuan yang terjadi di dunia. Meski perubahan paling signifikan terjadi pada masyarakat perkotaan, namun masyarakat pedesaan pun secara perlahan ikut terpengaruh oleh arus perubahan tersebut.&nbsp;Berikut adalah beberapa gambaran kondisi yang terjadi di masyarakat kita.</p><p style="text-align: left;"></p><ul class="list-disc ml-10"><li><p style="text-align: left;">Perubahan gaya berpakaian menjadi salah satu aspek modernisasi yang paling mudah diamati, ditandai dengan semakin meluasnya pengaruh mode global terhadap cara berpakaian masyarakat Indonesia. Munculnya berbagai retail pakaian modern membuat tren dunia cepat masuk ke daerah-daerah, sehingga gaya berpakaian masyarakat berubah dari masa ke masa. Perbedaan gaya tahun 70ΓÇô80an dengan masa kini, serta variasi fesyen dari berbagai komunitas seperti penggemar musik atau olahraga, menunjukkan bahwa tren mode terus berkembang seiring perubahan selera dan budaya populer.</p></li><li><p style="text-align: left;">Modernisasi mendorong pertumbuhan industri di berbagai wilayah, terutama daerah perkotaan yang dipenuhi pabrik-pabrik tekstil, otomotif, teknologi, dan makanan, sementara pedesaan berubah melalui mekanisasi alat-alat pertanian. Perkembangan ini melahirkan banyak jenis pekerjaan baru seperti buruh pabrik, tenaga manajerial, dan berbagai profesi di sektor jasa dan perdagangan. Namun, meluasnya kesempatan kerja di kota juga memicu urbanisasi besar-besaran, yang jika tidak terkendali dapat menyebabkan penumpukan pengangguran dan meningkatnya penduduk miskin di perkotaan.</p></li><li><p style="text-align: left;">Modernisasi turut ditandai dengan meningkatnya akses dan kualitas pendidikan melalui pembangunan sekolah yang merata di perkotaan maupun pedesaan. Tingkat buta huruf menurun secara drastis, dan bertambahnya perguruan tinggi melahirkan banyak ahli di berbagai bidang. Meski demikian, pendidikan juga memengaruhi peluang kerja, karena lulusan berpendidikan rendah cenderung memperoleh penghasilan lebih kecil, walaupun di bidang perdagangan masih ada peluang sukses tanpa pendidikan tinggi, meski kini semakin sulit karena kompleksitas dunia modern.</p></li><li><p style="text-align: left;">Kemajuan teknologi dan media massa membawa perubahan besar dalam dunia hiburan, terlihat dari berkembangnya radio, televisi, bioskop, serta berbagai tempat rekreasi modern. Industri film dan musik tumbuh pesat berkat penyebaran media tersebut, sementara pembangunan area hiburan seperti taman bermain menjadi simbol modernisasi kehidupan perkotaan. Salah satu contohnya adalah pembangunan Dunia Fantasi (Dufan) di Ancol yang menjadi ikon hiburan modern sejak diresmikan pada 29 Agustus 1985.</p></li><li><p style="text-align: left;">Modernisasi juga mengubah gaya hidup masyarakat, terutama dalam pola konsumsi yang semakin mengarah pada produk-produk modern. Barang-barang kebutuhan sehari-hari kini banyak diperoleh melalui pusat perbelanjaan, sementara kebiasaan tradisional mulai ditinggalkan karena masyarakat lebih memilih pakaian, makanan, alat rumah tangga, hingga obat-obatan modern. Akibatnya, berbagai tradisi lama nyaris tidak dikenal lagi oleh generasi muda karena tergeser oleh produk dan praktik modern yang dianggap lebih praktis dan menarik.</p></li></ul><p style="text-align: left;"></p>			3	2025-12-11 19:23:57.874726+07	1
1	Perubahan Sosial I	perubahan-sosial-i	<p style="text-align: left;"><strong>Apa itu Perubahan Sosial?</strong></p><p style="text-align: left;">Refleksikanlah pengalaman hidup yang sudah kalian alami dari masa kecil hingga saat ini, apakah selama proses tersebut kalian telah mengalami berbagai perubahan? Perubahan yang paling jelas dapat dilihat erlihat dari perkembangan fisik. Akan tetapi, di samping itu tentu ada banyak perubahan lain seperti kebiasaan sehari-hari, cara berinteraksi, pola pikir, dan lain sebagainya. Selayaknya perkembangan setiap individu, masyarakat juga mengalami perubahan dalam berbagai hal seiring perkembangan zaman. Perubahan yang paling jelas dapat dilihat dari penampilan fisik seperti cara berpakaian dan penggunaan alat-alat penunjang kehidupan (teknologi). Di samping hal tersebut, tentu saja beragam perubahan lain juga terjadi di berbagai segi kehidupan.</p><p style="text-align: left;"></p><p style="text-align: left;"><strong>Bagaimana Bentuk dan Contoh Perubahan Sosial?</strong></p><p style="text-align: left;">Untuk memudahkan kita dalam mempelajari perubahan sosial yang terjadi di masyarakat, kita dapat melihatnya dalam berbagai kategori bentuk. Setidaknya bentuk-bentuk perubahan sosial dapat dilihat dari kategori waktu, cakupan, perencanaan, dan arah perkembangannya.</p><ol class="list-decimal ml-10"><li><p style="text-align: left;">Perubahan sosial berdasarkan waktunya dibagi menjadi dua, yaitu evolusi dan revolusi. Evolusi adalah perubahan yang berlangsung secara perlahan dalam rentang waktu yang sangat panjang, biasanya ratusan hingga ribuan tahun, dan terjadi seiring kemampuan masyarakat beradaptasi dengan kondisi lingkungannya. Contohnya terlihat pada perbedaan karakter masyarakat pesisir yang lebih terbuka karena sering berinteraksi dengan orang asing, dan masyarakat pedalaman yang lebih tertutup karena hidup jauh dari keramaian. Sementara itu, revolusi adalah perubahan sosial yang terjadi secara cepat dan mendadak, biasanya dipicu oleh penemuan besar atau peristiwa penting dalam masyarakat. Contoh revolusi adalah Revolusi Industri pada abad ke-18 yang mengubah cara manusia bekerja melalui penggunaan mesin-mesin produksi, hingga perkembangan teknologi modern seperti digitalisasi dan kecerdasan buatan yang terus mempercepat perubahan sosial.</p></li></ol><p style="text-align: left;"></p><ol class="list-decimal ml-10" start="2"><li><p style="text-align: left;">Perubahan sosial berdasarkan cakupannya dibagi menjadi perubahan kecil dan perubahan besar. Perubahan kecil adalah perubahan yang hanya terjadi pada sebagian kecil masyarakat atau pada aspek kehidupan tertentu sehingga tidak menimbulkan dampak besar terhadap struktur sosial yang ada. Contohnya adalah pembangunan pasar di suatu wilayah pemukiman atau perubahan tren model rambut. Sebaliknya, perubahan besar adalah perubahan yang terjadi pada sebagian besar masyarakat serta memengaruhi banyak aspek kehidupan. Perubahan ini berdampak signifikan terhadap struktur sosial dan pranata sosial yang ada. Contohnya adalah pembangunan nasional setelah masa kemerdekaan yang mengubah berbagai bidang seperti ekonomi, pendidikan, transportasi, teknologi, hingga kebudayaan masyarakat Indonesia secara luas.</p></li></ol><p style="text-align: left;"></p><ol class="list-decimal ml-10" start="3"><li><p style="text-align: left;">Perubahan sosial berdasarkan perencanaannya dibagi menjadi perubahan yang direncanakan (planned change) dan perubahan yang tidak direncanakan (unplanned change). Perubahan yang direncanakan adalah perubahan yang terjadi karena kesadaran dan perencanaan pihak tertentu yang disebut <em>agen perubahan</em>, misalnya gerakan penggunaan tas kain untuk mengurangi sampah plastik, crowdfunding untuk mendukung suatu proyek, atau pengumpulan petisi daring yang bertujuan memengaruhi kebijakan. Sebaliknya, perubahan yang tidak direncanakan terjadi tanpa disengaja, seperti akibat bencana alam yang merusak permukiman dan mengubah kehidupan masyarakat, atau munculnya perilaku negatif di media sosial seperti penyebaran hoaks dan ujaran kebencian. Perubahan yang tidak direncanakan ini muncul sebagai dampak perkembangan masyarakat dan teknologi yang tidak sepenuhnya dapat dikendalikan.</p></li></ol><p style="text-align: left;"></p><ol class="list-decimal ml-10" start="4"><li><p style="text-align: left;">Perubahan sosial berdasarkan arah perkembangannya dibagi menjadi perubahan progress dan perubahan regress. Perubahan progress adalah perubahan yang bergerak menuju kemajuan dan biasanya membawa manfaat bagi masyarakat, seperti meningkatnya pola pikir rasional seiring perkembangan ilmu pengetahuan, sehingga masyarakat tidak lagi bergantung pada takhayul. Sebaliknya, perubahan regress adalah perubahan yang menuju kemunduran dan sering membawa kerugian, misalnya semakin menurunnya kepedulian masyarakat terhadap lingkungan sehingga terjadi pencemaran alam. Dengan demikian, satu fenomena perubahan sosial dapat dilihat dari berbagai sisi, baik sebagai kemajuan maupun kemunduran, tergantung dampaknya bagi kehidupan masyarakat.</p></li></ol><p style="text-align: left;"></p>			1	2025-12-11 19:24:10.05099+07	1
5	Perubahan Sosial V	perubahan-sosial-v	<p style="text-align: left;"><strong>Apa Saja Contoh Globalisasi?</strong></p><p style="text-align: left;">Fenomena globalisasi bisa ditinjau dari berbagai aspek kehidupan masyarakat. Aspek adalah sudut pandang terhadap sesuatu hal yang saling berhubungan. Dalam hal kehidupan masyarakat, kita dapat mengenal berbagai aspek seperti Ilmu Pengetahuan, Ekonomi, Politik, Kebudayaan, dan lain sebagainya. Bagaimana globalisasi memengaruhi aspek-aspek tersebut? Mari kita simak pemaparan berikut.</p><p style="text-align: left;"></p><ul class="list-disc ml-10"><li><p style="text-align: left;">Globalisasi memungkinkan terjadinya penyebaran ilmu pengetahuan dan teknologi di dunia. Penemuan-penemuan terbaru sebagai hasil dari perkembangan ilmu pengetahuan dan teknologi di suatu wilayah kini&nbsp;dapat dengan mudah menyebar ke seluruh dunia. Misalnya kemajuan teknologi terbaru dalam bentuk pengembangan kendaraan listrik atau pengembangan start up (perusahaan rintisan) digital yang dimulai di negara-negara maju kini sudah mulai mewabah di seluruh dunia termasuk di Indonesia.</p></li><li><p style="text-align: left;">Selain perkembangan ilmu pengetahuan, bidang ekonomi adalah motor utama proses globalisasi dunia. Terbentuknya kebijakan-kebijakan pasar bebas yang sedang menjadi tren ekonomi dunia saat ini memungkinkan proses perdagangan barang dan perpindahan tenaga kerja berlangsung meluas sehingga memicu terintegrasinya sistem ekonomi dunia. Misalnya, keberadaan Masyarakat Ekonomi Eropa (MEE). Hal tersebut adalah cerminan dari proses globalisasi yang sedang berlangsung saat ini.</p></li><li><p style="text-align: left;">Seiring dengan dengan meluasnya jaringan kerjasama internasional, kehadiran lembaga-lembaga dunia seperti Organisasi Perdagangan Dunia, Bank Dunia, Mahkamah Internasional, dan lain sebagainya memiliki peran yang kuat untuk menentukan arah kebijakan negara-negara di dunia. Peraturan terkait investasi, perdagangan luar negeri, Hak Asasi Manusia, hingga arah pembangunan yang disepakati di suatu tempat dalam sebuah pertemuan internasional kemudian harus diikuti oleh negara anggotanya yang berada di seluruh dunia.</p></li><li><p style="text-align: left;">Aspek globalisasi yang paling tampak dalam keseharian adalah globalisasi budaya. Aspek budaya mencakup keseluruhan corak kehidupan masyarakat termasuk gaya hidup keseharian. Perkembangan teknologi media dibarengi dengan motif ekonomi kemudian mendorong industri budaya yang dapat dengan mudah menyebarkan corak kebudayaan baru di sebuah wilayah. Merebaknya restoran cepat saji dan kedai kopi Amerika serta mewabahnya drama film Korea di Indonesia adalah beberapa dari contohnya.</p></li></ul><p style="text-align: left;"></p>			5	2025-12-11 18:47:39.243992+07	1
4	Perubahan Sosial IV	perubahan-sosial-iv	<p style="text-align: left;"><strong>Apa itu Globalisasi?</strong></p><p style="text-align: left;">Perkembangan modernisasi saat ini berjalan beriringan dengan meluasnya globalisasi, yaitu proses yang berlangsung secara mendunia hingga membuat berbagai negara saling terhubung tanpa batas. Globalisasi menurut Oxford adalah keadaan ketika budaya dan sistem ekonomi di seluruh dunia menjadi saling terkait dan semakin serupa karena pengaruh perusahaan multinasional serta kemajuan komunikasi. Perusahaan multinasional seperti Toyota dan Samsung menjadi pendorong utama proses ini karena menjalankan produksi di berbagai negara dan mendistribusikannya ke seluruh dunia sehingga menciptakan jaringan ekonomi global. Selain itu, pesatnya perkembangan teknologi informasi dan komunikasi semakin memperkuat keterhubungan tersebut, membuat globalisasi meluas ke seluruh aspek kehidupan, termasuk budaya masyarakat dunia.</p><p style="text-align: left;"></p><p style="text-align: left;"><strong>Bagaimana Asal Mula Perkembangan Globalisasi?</strong></p><p style="text-align: left;">Untuk mengetahui asal mula terjadinya globalisasi, kita dapat melihat kemunculan globalisasi dari dua periode, yaitu periode klasik (awal) dan periode modern (lanjutan). Periode klasik ditandai dengan terhubungnya pusat-pusat peradaban dunia melalui jalur perdagangan kuno yang meliputi sebagian besar wilayah di dunia. Sementara periode modern ditandai dengan semakin meluasnya keterhubungan antar wilayah dunia di tengah proses perkembangan industri.</p><p style="text-align: left;"><span class="node-image"><span class="image-component"><img class="rounded-lg mx-auto block max-w-full" src="http://127.0.0.1:8000/media/uploads/1.png" alt="" title="" width="500" height="500" style="max-width: 500px" data-keep-ratio="true"></span></span><span class="node-image"><span class="image-component"><img class="rounded-lg mx-auto block max-w-full" src="http://127.0.0.1:8000/media/uploads/2.png" alt="" title="" width="500" height="500" style="max-width: 500px" data-keep-ratio="true"></span></span>Melalui kedua gambar tersebut kita bisa melihat bahwa proses globalisasi dipicu oleh semakin meluasnya jalur perdagangan antara berbagai wilayah di dunia. Jejaring keterhubungan wilayah-wilayah di dunia yang sudah berlangsung selama ribuan tahun tersebut kemudian mengalami perkembangan yang signifikan sejak dimulainya masa Revolusi Industri yang memicu perkembangan teknologi di bidang transportasi dan komunikasi. Istilah globalisasi yang dikenal saat ini merujuk pada proses pengglobalan di periode modern tersebut yang perkembangannya masih terus berlanjut hingga saat ini.</p><p style="text-align: left;"></p><p style="text-align: left;">Perkembangan globalisasi didukung oleh kemajuan pesat dalam teknologi transportasi dan komunikasi. Jika di zaman dulu manusia harus menempuh waktu berhari-hari untuk bisa melintasi sebuah daerah atau berbulan-bulan untuk melintasi benua, kini jarak tersebut bisa ditempuh selama kurang dari satu hari. Di sisi lain, jika di zaman dulu masyarakat antar benua hanya bisa berinteraksi melalui surat yang dikirimkan selama berminggu-minggu karena jaringan telepon yang masih terbatas, maka saat ini komunikasi tersebut bisa dilakukan secara langsung menggunakan internet yang jaringannya sudah menjangkau hampir seluruh wilayah di dunia.</p>			4	2025-12-13 15:37:48.81024+07	1
7	Pertumbuhan dan Perkembangan Manusia Bag. 1	pertumbuhan-dan-perkembangan-manusia-bag-1	<p style="text-align: justify;"><strong>1.Perbedaaan Pertumbuhan dan Perkembangan</strong></p><p style="text-align: justify;">Pertumbuhan merupakan proses pertambahan ukuran yang tidak dapat kembali ke asal (irreversible), meliputi pertambahan volume dan pertambahan massa. Pertumbuhan pada makhluk bersel satu ditandai dengan bertambahnya ukuran sel, sedangkan pertumbuhan pada makhluk bersel banyak ditandai dengan bertambahnya ukuran dan jumlah sel. Contoh pertumbuhan, meliputi pertambahan tinggi, berat, dan volume.</p><p style="text-align: justify;"></p><p style="text-align: justify;">Manusia dan hewan setelah mencapai usia tertentu, tidak tumbuh lagi. Adapun, tumbuhan hampir selalu tumbuh sepanjang hidupnya. Pertumbuhan selalu diikuti dengan proses perkembangan. Perkembangan adalah proses biologis makhluk hidup menuju tingkat kedewasaan atau kesempumaan. Contoh perkembangan adalah perubahan susunan dan fungsi organ-organ tubuh.</p><p style="text-align: justify;"></p><p style="text-align: justify;">Perkembangan pada makhluk bersel satu dapat berupa diferensiasi sel-sel baru yang membelah membentuk jaringan yang menyusun organ tertentu. Perkembangan pada tumbuhan ditandai dengan munculnya bunga atau buah. Adapun perkembangan pada hewan dan manusia ditandai dengan kematangan organ reproduksi sehingga siap untuk menghasilkan keturunan. Perkembangan juga menyebabkan perkembangan psikis dari usia bayi, anak-anak, dan menjadi dewasa.</p><p style="text-align: justify;"></p><p style="text-align: justify;"><strong>2.Siklus Hidup Manusia</strong></p><p style="text-align: justify;">Pertumbuhan pada manusia berhubungan dengan penambahan jumlah dan ukuran sel tubuh, sedangkan perkembangan pada manusia berhubungan dengan kermatangan fungsi alat tubuh. Tahapan pertumbuhan dan perkembangan pada manusia sebagai berikut.</p><p style="text-align: justify;">a. Bayi (0-1 tahun)</p><p style="text-align: justify;">Masa setelah embrio disebut bayi, diawali periode neonatal. Bayi mulai menyesuaikan hidup di luar rahim (bernapas, mencerna, ekskresi). Perkembangan ditandai kemampuan tersenyum (6 minggu), tertawa dan mengenali suara/wajah (4 bulan), berbicara sederhana (8 bulan), hingga berdiri beberapa detik (1 tahun).</p><p style="text-align: justify;"></p><p style="text-align: justify;">b. Anak-anak (1-12 tahun)</p><p style="text-align: justify;">Terjadi peningkatan tinggi dan berat badan, koordinasi otot, serta kemampuan mental. Anak mulai berjalan (┬▒18 bulan), mengontrol ekskresi (2ΓÇô3 tahun), dan berkembang dalam berbicara, membaca, menulis, serta bersosialisasi.&nbsp;Pada masa ini, anak belajar bergaul dengan orang lain. Ketika anak-anak tumbuh, kemampuan motorik dan koordinasi mereka juga meningkat. Pada masa anak-anak, pendidikan diperlukan untuk dapat mengasah keterampilan yang dimilikinya. Keterampilan motorik kasar adalah keterampilan yang menggunakan otot besar (kaki, lengan, batang tubuh, dan leher). Dalam hal ini anak mampu melakukan beberapa kegiatan seperti berikut.</p><ul class="list-disc ml-10"><li><p style="text-align: justify;">Melompat di tempat dengan kedua kaki.</p></li><li><p style="text-align: justify;">Memanjat dan menuruni perosotan.</p></li><li><p style="text-align: justify;">Bersepeda dengan roda tiga pedal.</p></li><li><p style="text-align: justify;">Berjalan naik turun tangga dengan salah satu tangannya dipegang oleh orang dewasa.</p></li><li><p style="text-align: justify;">Berdiri sebentar dengan satu kaki ketika salah satu tangannya dipegang oleh orang dewasa.</p></li><li><p style="text-align: justify;">Berjalan mundur.</p></li></ul><p style="text-align: justify;">Adapun keterampilan motorik halus adalah keterampilan yang menggunakan otot kecil (tangan dan jari). Dalam hal ini anak-anak dapat melakukan kegiatan seperti berikut.</p><ul class="list-disc ml-10"><li><p style="text-align: justify;">Menyusun balok 1 inci.</p></li><li><p style="text-align: justify;">Memegang krayon dengan ibu jari dan jari merangkai manik-manik besar pada tali yang kaku.</p></li><li><p style="text-align: justify;">Menggunting dan memotong dengan gunting.</p></li><li><p style="text-align: justify;">Meniru garis vertikal dan horizontal, lingkaran salin garis, lingkaran vertikal dan horizontal.</p></li></ul><p style="text-align: justify;"></p>			1	2025-12-13 17:00:04.095642+07	2
8	Pertumbuhan dan Perkembangan Manusia Bag. 2	pertumbuhan-dan-perkembangan-manusia-bag-2	<p style="text-align: justify;"><strong>c. Remaja (12-18 tahun)</strong></p><p style="text-align: justify;">Perkembangan berikutnya setelah anak-anak adalah masa remaja. Masa remaja dimulai dari usia 12 sampai 14 tahun. Bagian dari masa remaja adalah pubertas (akil balig). Pubertas adalah perubahan menjadi dewasa yang ditandai adanya perubahan fisik dan emosional (psikis). Masa remaja merupakan masa di mana telah tercapainya kematangan organ reproduksi, yaitu sistem reproduksi telah mampu membuat sel-sel kelamin (gamet). Kematangan organ reproduksi dipengaruhi oleh produksi hormon dan kelenjar hipofisis.</p><p style="text-align: justify;">1) Pubertas secara fisik</p><p style="text-align: justify;">Pubertas secara fisik dapat diamati dari perubahan tubuh, meliputi perubahan primer dan sekunder. Ciri perubahan primer sebagai berikut.</p><ul class="list-disc ml-10"><li><p style="text-align: justify;">Organ reproduksi mampu memproduksi sel untuk proses reproduksi, yaitu laki-laki menghasilkan sperma, sedangkan perempuan menghasilkan sel telur.</p></li><li><p style="text-align: justify;">Organ reproduksi mulai berfungsi, yaitu laki-laki mengalami mimpi basah dan perempuan mengalami menstruasi.</p></li></ul><p style="text-align: justify;">Ciri-ciri perubahan sekunder pada laki-laki dan perempuan berbeda. Perubahan sekunder pada laki-laki sebagai berikut.</p><ul class="list-disc ml-10"><li><p style="text-align: justify;">Tumbuhnya jakun.</p></li><li><p style="text-align: justify;">Tumbuhnya kumis atau jenggot.</p></li><li><p style="text-align: justify;">Bahu melebar melebihi bagian pinggul.</p></li><li><p style="text-align: justify;">Terkadang muncul jerawat di daerah muka.</p></li><li><p style="text-align: justify;">Perubahan suara menjadi lebih besar dan berat.</p></li><li><p style="text-align: justify;">Tumbuh rambut di dada, kaki, ketiak, dan sekitar organ reproduksi.</p></li><li><p style="text-align: justify;">Mulai tampak otot-otot yang berkembang lebih besar dan menonjol.</p></li><li><p style="text-align: justify;">Perubahan jaringan kulit menjadi lebih kasar dan pori-pori tampak membesar.</p></li></ul><p style="text-align: justify;">Adapun ciri-ciri perubahan sekunder pada perempuan sebagai berikut.</p><ul class="list-disc ml-10"><li><p style="text-align: justify;">Pinggul melebar.</p></li><li><p style="text-align: justify;">Suara lebih nyaring.</p></li><li><p style="text-align: justify;">Terkadang muncul jerawat di daerah muka.</p></li><li><p style="text-align: justify;">Tumbuh rambut di ketiak dan sekitar organ reproduksi.</p></li><li><p style="text-align: justify;">Membesarnya bagian payudara.</p></li></ul><p style="text-align: justify;"></p><p style="text-align: justify;">2) Pubertas secara psikis</p><p style="text-align: justify;">Perubahan hormonal pada masa pubertas memengaruhi kondisi psikologis dan tingkah laku. Ciri-ciri pubertas secara psikis sebagai berikut.</p><ul class="list-disc ml-10"><li><p style="text-align: justify;">Mulai mencari identitas diri.</p></li><li><p style="text-align: justify;">Mudah mengalami perubahan emosi.</p></li></ul><p style="text-align: justify;"></p><p style="text-align: justify;">Perubahan psikis pada remaja dibagi dalam tiga tahap yaitu remaja awal (early adolescent), pertengahan (middle adolescent), dan akhir (late adolescent). Periode pertama disebut remaja awal atau early adolescent, terjadi pada usia 12-14 tahun. Pada masa remaja awal anak-anak terpapar pada perubahan tubuh yang cepat, adanya akselerasi pertumbuhan, dan perubahan komposisi tubuh disertai awal pertumbuhan sekunder.</p><p style="text-align: justify;">Karakteristik periode remaja awal ditandai oleh terjadinya perubahan-perubahan psikologis seperti berikut.</p><ul class="list-disc ml-10"><li><p style="text-align: justify;">Krisis identitas.</p></li><li><p style="text-align: justify;">Jiwa yang labil.</p></li><li><p style="text-align: justify;">Meningkatnya kemampuan verbal untuk ekspresi diri.</p></li><li><p style="text-align: justify;">Pentingnya teman dekat/sahabat.</p></li><li><p style="text-align: justify;">Berkurangnya rasa hormat terhadap orang tua, kadang-kadang berlaku kasar.</p></li><li><p style="text-align: justify;">Menunjukkan kesalahan orang tua.</p></li><li><p style="text-align: justify;">Mencari orang lain yang disayangi selain orang tua.</p></li><li><p style="text-align: justify;">Kecenderungan untuk berlaku kekanak-kanakan.</p></li><li><p style="text-align: justify;">Terdapatnya pengaruh teman sebaya (peer group) terhadap hobi dan cara berpakaian.</p></li></ul><p style="text-align: justify;"></p><p style="text-align: justify;">Periode selanjutnya adalah middle adolescent terjadi antara usia 15-17 tahun, yang ditandai dengan terjadinya perubahan-perubahan sebagai berikut,</p><ul class="list-disc ml-10"><li><p style="text-align: justify;">Mengeluh orang tua terlalu ikut campur dalam kehidupannya.</p></li><li><p style="text-align: justify;">Sangat memperhatikan penampilan.</p></li><li><p style="text-align: justify;">Berusaha untuk mendapat teman baru.</p></li><li><p style="text-align: justify;">Tidak atau kurang menghargai pendapat orang tua.</p></li><li><p style="text-align: justify;">Sering sedih/moody.</p></li><li><p style="text-align: justify;">Mulai menulis buku harian.</p></li><li><p style="text-align: justify;">Sangat memperhatikan kelompok main secara selektif dan kompetitif.</p></li><li><p style="text-align: justify;">Mulai mengalami periode sedih karena ingin lepas dari orang tua.</p></li></ul><p style="text-align: justify;"></p><p style="text-align: justify;">Periode late adolescent dimulai pada usia 18 tahun ditandai oleh tercapainya maturitas fisik secara sempurna. Perubahan psikososial yang ditemui, antara lain:</p><ul class="list-disc ml-10"><li><p style="text-align: justify;">Identitas diri menjadi lebih kuat.</p></li><li><p style="text-align: justify;">Mampu memikirkan ide.</p></li><li><p style="text-align: justify;">Mampu mengekspresikan perasaan dengan kata-kata.</p></li><li><p style="text-align: justify;">Lebih menghargai orang lain.</p></li><li><p style="text-align: justify;">Lebih konsisten terhadap minatnya.</p></li><li><p style="text-align: justify;">Bangga dengan hasil yang dicapai.</p></li><li><p style="text-align: justify;">Selera humor lebih berkembang.</p></li><li><p style="text-align: justify;">Emosi lebih stabil.</p></li></ul><p style="text-align: justify;"></p><p style="text-align: justify;"><strong>d. Dewasa dan lanjut usia</strong></p><p style="text-align: justify;">Mekanisme kedewasaan yang normal tidak selalu terjadi pada waktu tertentu, tetapi terjadi kapan saja pada kisaran waktu tertentu. Umumnya, kedewasaaan seseorang ketika berusia 18 sampai 60 tahun. Orang yang mencapai usia antara 30-50 tahun berada pada masa pertengahan tua di mana perkembangan fisiknya mulai mengalami penurunan. Selain itu, efisiensi sistem peredaran darah dan pernapasannya mulai berkurang. Tulang-tulang mulai rapuh dan kulit sudah mulai mengeriput.</p><p style="text-align: justify;"></p><p style="text-align: justify;">Pada masa memasuki lanjut usia, mulai muncul ciri-ciri antara lain kekuatan fisik yang mulai melemah, pada perempuan mengalami menopause, dan pada laki-laki produksi sperma akan menurun. Selain itu, seseorang yang memasuki masa lansia memiliki ciri-ciri bahwa air di dalam tubuh turun secara signifikan karena bertambahnya sel-sel mati yang digantikan oleh lemak maupun jaringan konektif. Sistem pencernaan masa lansia juga mulai terganggu, gigi mulai tanggal, kemampuan mencerna makanan serta penyerapan menjadi lamban dan kurang efisien, gerak peristaltik usus menurun sehingga sering konstipasi. Sistem saraf juga makin menurun menyebabkan munculnya rabun dekat, kepekaan bau dan rasa berkurang, kepekaan sentuhan berkurang, reaksi menjadi lambat, fungsi mental menurun, dan ingatan visual berkurang.</p><p style="text-align: justify;"></p><p style="text-align: justify;">Orang tua juga mengalami perubahan psikososial. Perubahan psikososial menyebabkan rasa tidak aman, takut, merasa penyakit selalu mengancam, sering bingung, panik, dan depresi. Hal ini disebabkan antara lain karena ketergantungan fisik dan sosial ekonomi. Ketergantungan sosial finansial pada waktu pensiun menyebabkan kehilangan rasa bangga, hubungan sosial. kewibawaan, dan sebagainya.</p>			2	2025-12-13 17:00:26.105119+07	2
9	Pertumbuhan dan Perkembangan Hewan Bag. 1	pertumbuhan-dan-perkembangan-hewan-bag-1	<p style="text-align: justify;">Pertumbuhan dan perkembangan pada hewan terjadi pada seluruh tubuh. Pertumbuhan dan perkembangan pada hewan dimulai sejak terbentuknya zigot hingga dewasa. Perkembangan pada hewan dimulai saat alat reproduksi telah mampu memproduksi sel-sel gamet.</p><p style="text-align: justify;"></p><p style="text-align: justify;"><strong>1.Proses Embrio Berkembang</strong></p><p style="text-align: justify;">Tahapan pertumbuhan pada hewan dibedakan menjadi dua, yaitu fase embrionik dan pascaembrionik.</p><p style="text-align: justify;"><strong>a. Fase embrionik</strong> merupakan pertumbuhan dan perkembangan hewan dari zigot sampai terbentuknya embrio sebelum lahir atau menetas. Zigot diperoleh setelah pembuahan (fertilisasi). yaitu bertemunya ovum dengan sperma. Setelah itu, zigot akan mengalami beberapa tahap, yaitu pembelahan zigot, tahap morula, blastula, gastrula, dan organogenesis. Berikut adalah penjelasan perkembangan zigot pada hewan.</p><ol class="list-decimal ml-10"><li><p style="text-align: justify;">Tahap morula, tahap pertama fase embrionik pada proses pertumbuhan dan perkembangan pada hewan adalah morula. Pada tahap ini, zigot akan mengalami pembelahan mitosis berkali-kali, mulai dari satu ovum yang dibuahi, menjadi 2, 4, 8, 16, 32, dan 64 sel, yang disebut dengan sel blastomer. Setelah berjumlah 64, sel tersebut akan berbentuk bola tidak berongga dan membentuk morula.</p></li><li><p style="text-align: justify;">Tahap blastula, setelah masuk ke tahap blastula, sel morula terus membelah hingga akhirnya membentuk bola berongga dengan cairan di dalamnya, dinamakan blastula. Rongga balstula disebut dengan blastosoel. Tahap terbentuknya blastula disebut blastulasi.</p></li><li><p style="text-align: justify;"> Tahap gastrulasi, tahap selanjutnya adalah gastrulasi, yaitu tahap pembentukan gastrula yang merupakan hasil perkembangan dan pertumbuhan blastula. Di tahap ini, blastula akan mengalami pelekukan yang membuat rongga baru atau gastrosoel terbentuk. Lubang pelekukannya disebut blastopor yang nantinya akan berkembang menjadi anus.</p></li><li><p style="text-align: justify;">Tahap organogenesis, tahap perkembangan dan pertumbuhan hewan fase embrionik yang terakhir adalah organogenesis. Pada proses ini, organ-organ tubuh akan berkembang dari tiga lapisan glastrula yang terjadi di tahap gastrulasi.</p></li></ol><p style="text-align: justify;"></p><p style="text-align: justify;"><strong>b.&nbsp;Fase pascaembrionik</strong></p><p style="text-align: justify;">Fase pascaembrionik merupakan pertumbuhan dan perkembangan yang dimulai sejak lahir atau menetas hingga dewasa. Semua bagian anggota tubuh mengalami pertumbuhan dan perkembangan dengan kecepatan berbeda-beda. Pertumbuhan tersebut tidak berlangsung secara terus-menerus, melainkan setelah mencapai usia tertentu akan berhenti</p><p style="text-align: justify;"></p><p style="text-align: justify;"><strong>2.Hewan Bertelur atau Ovipar</strong></p><p style="text-align: justify;">Ovipar merupakan jenis reproduksi yang mengakibatkan telur yang dikeluarkan berkembang dan juga menetas di luar badan induknya. Perkembangbiakan secara ovipar terjadi pada cacing, serangga. serta hewan bertulang belakang, misalnya burung, ikan, amfibi, dan reptil.</p><p style="text-align: justify;">Struktur telur terdiri atas beberapa bagian sebagai berikut.</p><ul class="list-disc ml-10"><li><p style="text-align: justify;">Cangkang telur mempunyai banyak pori yang berperan penting untuk pertukaran udara.</p></li><li><p style="text-align: justify;">Rongga udara sebagai sumber oksigen bagi embrio. </p></li><li><p style="text-align: justify;">Albumen (putih telur) berfungsi untuk melindungi zigot atau embrio dari goncangan, bahaya lain,&nbsp;serta sebagai cadangan makanan.</p></li><li><p style="text-align: justify;">Kuning telur sebagai persediaan makanan bagi embrio.</p></li><li><p style="text-align: justify;">Kalaza (tali kuning telur) berfungsi untuk menahan kuning telur agar tetap pada tempatnya dan&nbsp;menjaga embrio agar tetap berada di bagian atas kuning telur.</p></li><li><p style="text-align: justify;">Keping lembaga disebut juga sel embrio akan tumbuh menjadi individu baru.</p></li></ul><p style="text-align: justify;"></p><p style="text-align: justify;">Ada dua jenis pembuahan pada hewan ovipar, yaitu pembuahan internal dan eksternal.</p><p style="text-align: justify;"><strong>a. Pembuahan internal</strong></p><p style="text-align: justify;">Pembuahan internal pada hewan ovipar adalah proses di mana sel sperma dari hewan jantan memasuki tubuh hewan betina dan bertemu dengan sel telur di dalam tubuh hewan betina untuk melakukan pembuahan. Contoh hewan ovipar yang melakukan pembuahan internal adalah ayam. Pada ayam, meskipun mereka tidak memiliki organ reproduksi luar, fertilisasi tetap terjadi di dalam tubuh. Hal ini dilakukan dengan cara saling menempelkan kloaka. Fertilisasi akan berlangsung di daerah ujung oviduk pada saat sperma masuk ke dalam oviduk. Ovum yang telah dibuahi akan bergerak mendekati kloaka. Saat perjalanan menuju kloaka di daerah oviduk, ovum yang telah dibuahi sperma akan dikelilingi oleh materi cangkang berupa zat kapur. Telur dapat. menetas apabila dierami oleh induknya. Setelah pembuahan internal, hewan betina akan mengeluarkan telur di tempat yang cocok untuk perkembangan telurnya. Embrio di dalam telur akan bertumbuh hingga akhirnya menetas menjadi anak hewan tersebut.</p><p style="text-align: justify;"></p><p style="text-align: justify;"><strong>b. Pembuahan eksternal</strong></p><p style="text-align: justify;">Pembuahan eksternal pada hewan ovipar adalah proses di mana sel sperma dan sel telur bertemu dan melakukan pembuahan di luar tubuh hewan betina. Contoh hewan ovipar yang melakukan pembuahan eksternal adalah ikan. Dalam proses ini, sel sperma dan sel telur dilepaskan ke dalam lingkungan eksternal, seperti air atau tanah dan bertemu di sana. Setelah pembuahan terjadi, zigot akan berkembang menjadi embrio di dalam telur. Telur ini kemudian akan berisikan embrio yang akan berkembang di luar tubuh induk. Embrio mendapat makanan dari cadangan makanan yang ada di dalam telur. Telur dikeluarkan dari tubuh induk betina dan biasanya diletakkan di tempat yang aman untuk perkembangan telurnya. Embrio di dalam telur akan bertumbuh hingga akhirnya menetas menjadi anak hewan tersebut.</p><p style="text-align: justify;"></p><p style="text-align: justify;"></p>			3	2025-12-13 17:16:58.236121+07	2
10	Pertumbuhan dan Perkembangan Hewan Bag. 2	pertumbuhan-dan-perkembangan-hewan-bag-2	<p style="text-align: left;"><strong>3.Hewan yang Bertelur dan Melahirkan atau Ovovivipar</strong></p><p style="text-align: justify;">Ovovivipar merupakan hewan yang berkembang biak menggunakan dua proses, yaitu bertelur dan melahirkan. Awalnya, hewan ovovivipar akan bertelur di dalam tubuh. Setelah itu, calon anak akan keluar dari dalam tubuh induknya melalui proses melahirkan. Hewan ovovivipar mengembangbiakkan telur di dalam tubuh induknya, tetapi cadangan makanan diperoleh embrio berasal dari dalam telur bukan dari tubuh Induknya. Beberapa hewan ovovivipar hidup di lingkungan yang keras atau berbahaya bagi telur atau anak muda. Dengan menahan telur di dalam tubuh sampai menetas, mereka dapat memastikan bahwa anak-anak mereka lahir dalam kondisi yang lebih aman dan siap bertahan hidup. Dalam beberapa kasus, hewan ovovivipar dapat lebih efisien dalam hal energi dibandingkan dengan hewan ovipar atau vivipar. Mereka tidak perlu menggunakan energi untuk mencari tempat yang aman untuk meletakkan telur atau untuk melahirkan anak yang belum sepenuhnya berkembang.</p><p style="text-align: left;"></p><p style="text-align: left;"><strong>4.Hewan yang Melahirkan atau Mamalia Berplasenta atau Vivipar</strong></p><p style="text-align: justify;">Hewan vivipar merupakan hewan yang perkembangbiakannya dengan cara melahirkan. Cara melahirkan umumnya terjadi pada hewan mamalia atau hewan menyusui. Selama perkembangan embrio berlangsung, makanan diperoleh dari dalam tubuh induk melalui plasenta atau ari-ari. Proses perkembangbiakan pada hewan vivipar diawali dengan pembuahan sel jantan terhadap sel telur betina dalam tubuh induknya. Setelah itu, terjadi pertumbuhan hingga akhirnya induk tersebut melahirkan dan membentuk individu baru. Pada hewan vivipar biasanya memiliki kelenjar mamae atau kelenjar payudara. Kelenjar mamae merupakan organ pada hewan mamalia yang berfungsi untuk memproduksi susu yang digunakan untuk memberi asupan nutrisi pada anaknya. Kelenjar mamae biasanya terletak di daerah perut atau dada. Susu merupakan cairan yang diproduksi oleh kelenjar mammae pada mamalia. Susu merupakan sumber utama dari nutrisi bagi bayi sebelum mereka mampu untuk mencema makanan jenis lainnya.</p><p style="text-align: justify;"></p><p style="text-align: justify;"><strong>5.Proses Hewan Muda Berkembang</strong></p><p style="text-align: justify;">Metamorfosis merupakan salah satu fase pada hewan hingga mencapai dewasa. Pada proses metamorfosis terdapat tahap di mana hewan mengalami fase muda sebelum mencapai fase dewasa. Metamorfosis pada hewan memiliki karakteristik berbeda-beda.</p><p style="text-align: left;"><strong>a. Udang-udangan</strong></p><p style="text-align: left;">Lobster termasuk jenis udang-udangan. Lobster mengalami metamorfosis melalui beberapa tahapan, antara lain terjadi perubahan pada bagian kepala dan capitnya. Tahapan metamorfosis pada lobster dimulai dari telur&nbsp;ΓåÆ fase larva tingkat 1&nbsp; (larva 1)ΓåÆ fase larva tingkat 2 (larva 2)&nbsp;ΓåÆ fase larva tingkat 3 (larva 3)&nbsp;ΓåÆ fase larva tingkat 4 (larva 4)ΓåÆ fase larva tingkat 5 (larva 5)&nbsp;ΓåÆ fase lobster juvenil&nbsp;ΓåÆ fase lobster dewasa.</p><p style="text-align: left;"></p><p style="text-align: left;"><strong>b. Serangga</strong></p><p style="text-align: left;">Berdasarkan prosesnya, metamorfosis serangga dapat dibedakan menjadi dua, yaitu metamorfosis sempurna dan metamorfosis tidak sempurna.</p><ol class="list-decimal ml-10"><li><p style="text-align: justify;">Serangga yang mengalami metamorfosis sempurna memiliki bentuk larva yang berbeda dengan serangga dewasa. Metamorfosis sempurna ditandai dengan adanya pupa atau kepompong. Tahapan dalam metamorfosis sempurna adalah telur&nbsp;ΓåÆ larva&nbsp;ΓåÆ pupa (kepompong)&nbsp;ΓåÆ dewasa (imago). Telur akan menetas menjadi larva yang tidak memiliki sayap dan belum ada tanda-tanda sayap. Larva akan sangat aktif makan sampai mengalami perubahan bentuk menjadi kepompong. Larva ada yang langsung membuat pupa, tetapi ada juga yang terlebih dahulu membuat pelindung dari daun yang dilipat, tanah atau pasir yang halus, sayatan kayu yang halus, dan bahan lainnya. Tempat perlindungan di sekeliling pupa disebut kepompong atau kokon. Serangga pada tahap pupa tidak aktif makan, meskipun proses metabolisme tetap berlangsung. Setelah melalui tahap pupa, serangga akan menjadi dewasa (imago).</p></li><li><p style="text-align: left;">Serangga yang mengalami metamorfosis tidak sempurna memiliki bentuk nimfa (serangga yang baru menetas) tidak jauh berbeda dengan bentuk serangga dewasa (imago). Perbedaan tidak memiliki sayap. Sayap akan tumbuh secara bertahap sehingga menyerupai bentuk dewasa. Secara umum, nimfa dan serangga dewasa memiliki sifat yang sama, misalnya jangkrik dan belalang. Urutan metamorfosis tidak sempurna adalah telur&nbsp;ΓåÆ nimfa&nbsp;ΓåÆ dewasa (imago).</p></li></ol><p style="text-align: left;"></p><p style="text-align: left;"><strong>c. Amfibi</strong></p><p style="text-align: justify;">Hewan amfibi yang mengalami metamorfosis, misalnya katak. Pertumbuhan dan perkembangan katak diawali sejak terbentuknya zigot yang berkembang menjadi embrio. Satu minggu kemudian, embrio berubah menjadi larva yang disebut kecebong (berudu). Awalnya, kecebong bernapas dengan tiga insang luar, kemudian berganti menjadi insang dalam. Beberapa saat kemudian terbentuk tutup insang dan kaki belakang. Setelah berumur tiga bulan, berudu mengalami metamorfosis yang ditandai dengan terbentuknya paru-paru dan empat kaki, hilangnya insang dan ekor, kemudian menjadi bentuk katak. Sifat berudu berbeda dengan sifat katak. Berudu hidup di air sebagai herbivora, sedangkan katak hidup di darat bersifat karnivora.</p>			4	2025-12-13 17:28:46.452908+07	2
18	Perkembangan dan Pertumbuhan Tumbuhan	perkembangan-dan-pertumbuhan-tumbuhan	<p style="text-align: justify;">Setelah tumbuh dengan periode tertentu, maka tumbuhan akan mengalami perkembangan. Perkembangan pada tumbuhan merupakan diferensiasi atau spesialisasi sel atau bagian-bagian tumbuhan untuk melakukan fungsi khusus (menjadi dewasa). Perkembangan pada tingkat sel, misalnya sel-sel hasil pembelahan jaringan meristem mengalami diferensiasi membentuk jaringan pengangkut. Perkembangan pada tingkat organ, misalnya terbentuknya bunga sebagai organ generatif.</p><p style="text-align: justify;">Umur perkembangan tumbuhan menjadi dewasa berbeda-beda. Masa dewasa ditandai dengan kemampuan berkembang biak secara generatif. Ketika suatu tumbuhan telah membentuk bunga berarti tumbuhan tersebut telah dewasa dan dapat bereproduksi secara generatif untuk menghasilkan biji. Biji merupakan calon individu yang dapat tumbuh dan berkembang jika berada pada lingkungan yang sesuai.</p><p style="text-align: justify;"></p><p style="text-align: justify;"><strong>1.Proses Biji Menjadi Tumbuhan</strong></p><p style="text-align: justify;">Tahapan pertumbuhan dan perkembangan tumbuhan umumnya dimulai sejak perkecambahan Setelah tumbuh hingga mencapai ukuran dan usia tertentu, maka tumbuhan akan membentuk bunga terjadi pada jaringan meristematis (titik tumbuh), yaitu bagian yang mengandung jaringan meristem. Jaringan meristem terdapat pada ujung batang, ujung akar, dan kambium. Aktivitas jaringan meristem di ujung batang da pada tumbuhan dapat dibedakan menjaldi dua macam, yaitu pertumbuhan primer dan pertumbuhan akar berbeda dengan pola pertumbuhan jaringan meristem di kambium. Oleh karena itu, pertumbuhar sekunder. Biji merupakan perkembangan lanjut dari bakal biji yang telah dibuahi dan berfungsi sebaga alat perkembangbiakan. Biji terdiri dari 3 (tiga) bagian, sebagai berikut.</p><ul class="list-disc ml-10"><li><p style="text-align: justify;">Embrio memunculkan tanaman baru.</p></li><li><p style="text-align: left;">Endosperma merupakan pemberi nutrisi dan penyedia makanan untuk bibit.</p></li><li><p style="text-align: left;">Kulit benih merupakan lapisan luar keras yang melindungi embrio. Kulit biji ada yang keras (kacang polong dan jagung), ada pula yang relatif lunak (tomat dan paprika)</p></li></ul><p style="text-align: left;"></p><p style="text-align: left;"><strong>2.Pertumbuhan dan Perkembangan Primer</strong></p><p style="text-align: justify;">Pertumbuhan primer adalah pertumbuhan yang terjadi akibat aktivitas jaringan meristem primer atau meristem apikal. Titik tumbuh primer terbentuk sejak tumbuhan masih berupa embrio. Jaringan meristem ini terdapat di ujung batang dan ujung akar. Akibat pertumbuhan ini, akar dan batang tumbuhan bertambah panjang. Pada titik tumbuh, pertumbuhan terjadi secara bertahap. Oleh karena itu, daerah pertumbuhan dapat dibedakan menjadi tiga, yaitu daerah pembelahan, daerah perpanjangan, dan daerah diferensiasi.</p><p style="text-align: left;"></p><p style="text-align: left;"><strong>3.Pertumbuhan dan Perkembangan Sekunder</strong></p><p style="text-align: justify;">Pertumbuhan sekunder terjadi karena adanya aktivitas jaringan meristem sekunder. Contoh jaringan meristem sekunder adalah jaringan kambium pada batang tumbuhan dikotil dan Gymnospermae. Sel-sel jaringan kambium akan terus membelah. Pembelahan ke arah dalam akan membentuk xilem atau kayu, sedangkan pembelahan ke luar membentuk floem atau kulit kayu. Diameter batang dan akar akan bertambah besar karena adanya aktivitas jaringan meristem pada kambium.</p><p style="text-align: left;"></p><p style="text-align: justify;"><strong>4.Faktor-Faktor yang Memengaruhi Pertumbuhan dan Perkembangan Tumbuhan</strong></p><p style="text-align: justify;">Faktor yang memengaruhi pertumbuhan dan perkembangan dapat dibedakan menjadi faktor dari dalam dan faktor dari luar tumbuhan, sebagai berikut.</p><p style="text-align: justify;"><strong>a. Faktor internal (dalam)</strong></p><p style="text-align: justify;">Faktor internal merupakan faktor yang memengaruhi pertumbuhan dan perkembangan makhluk hidup yang berasal dari dalam tubuh. Faktor dari dalam, meliputi gen dan hormonal sebagai berikut.</p><ul class="list-disc ml-10"><li><p style="text-align: justify;"><strong>Gen</strong> merupakan substansi atau materi pembawa sifat yang diturunkan dari induk ke anaknya. Gen dapat berpengaruh pada ciri dan sifat makhluk hidup, misalnya bentuk tubuh, warna bunga, rasa buah, dan sebagainya. Selain itu, gen menentukan kemampuan metabolisme makhluk hidup, sehingga memengaruhi pertumbuhan dan perkembangannya.</p></li><li><p style="text-align: justify;"><strong>Hormon</strong> pada tumbuhan disebut juga fitohormon atau zat pengatur tubuh. Beberapa hormon tumbuhan yang berperan dalam pertumbuhan dan perkembangan tumbuhan sebagai berikut.&nbsp;<strong>Hormon sitokinin</strong> merupakan hormon yang memacu pembelahan sel serta mempercepat pembentukan akar dan tunas.&nbsp;<strong>Hormon auksin</strong> berfungsi untuk memacu perpanjangan sel, merangsang pembentukan bunga, buah, dan mengaktifkan kambium untuk membentuk sel-sel baru.&nbsp;<strong>Hormon giberelin</strong> merupakan hormon yang merangsang pembelahan dan pembesaran sel serta merangsang perkecambahan biji. Hormon giberelin pada tumbuhan tertentu dapat menyebabkan munculnya bunga lebih cepat.&nbsp;<strong>Hormon etilen</strong> merupakan hormon yang digunakan untuk menghambat pemanjangan batang, mempercepat penuaan buah, dan menyebabkan penuaan daun.&nbsp;<strong>Asam absisat</strong> berperan dalam proses perontokan daun.</p></li></ul><p style="text-align: justify;"></p><p style="text-align: justify;"><strong>b. Faktor eksternal (luar)</strong></p><p style="text-align: justify;">Faktor luar yang berpengaruh pada proses pertumbuhan dan perkembangan pada tumbuhan yang berasal dari lingkungan, sebagai berikut.</p><ul class="list-disc ml-10"><li><p style="text-align: justify;">Suhu, suhu yang dapat menunjang pertumbuhan dan perkembangan makhluk hidup dinamakan suhu optimum. Suhu memiliki pengaruh besar terhadap proses pertumbuhan dan perkembangan pada tumbuhan. Hal ini karena semua proses dalam pertumbuhan dan perkembangan, seperti penyerapan air, fotosintesis, penguapan, dan pernapasan pada tumbuhan dipengaruhi oleh suhu.</p></li><li><p style="text-align: justify;">Cahaya, pertumbuhan dan perkembangan makhluk hidup juga dipengaruhi oleh cahaya. Tumbuhan membutuhkan cahaya matahari untuk fotosintesis. Akan tetapi, cahaya juga dapat menghambat pertumbuhan tumbuhan karena cahaya dapat merusak hormon auksin pada ujung batang.</p></li><li><p style="text-align: justify;">Tanah, tanah berpengaruh terhadap pertumbuhan dan perkembangan tumbuhan. Tumbuhan akan tumbuh dan berkembang dengan optimal jika tanah tempatnya hidup dapat memenuhi nutrisi dan unsur hara yang dibutuhkannya. Kondisi tanah ditentukan oleh faktor lingkungan lainnya, misalnya suhu, kandungan mineral, dan air.</p></li><li><p style="text-align: justify;">Air, air merupakan faktor penting bagi pertumbuhan tanaman. Tanaman tumbuh dengan baik dalam jumlah air yang cukup. Tanaman bahkan merespons kelangkaan air. Tanaman berbatang tinggi biasanya banyak mengonsumsi air. Jenis tanaman ini membutuhkan sedikitnya 300 mL air, tetapi tidak lebih dari 500 mL.</p></li></ul><p style="text-align: left;"></p><p style="text-align: left;"></p>			5	2025-12-13 19:26:48.561855+07	2
25	Sistem Saraf Manusia Bag. 1	sistem-saraf-manusia-bag-1	<p style="text-align: justify;">Sistem saraf sangat berperan dalam iritabilitas tubuh. Iritabilitas memungkinkan makhluk hidup dapat menyesuaikan diri dan menanggapi perubahan-perubahan yang terjadi di lingkungannya. Sistem saraf mempunyai tiga fungsi utama, yaitu menerima informasi dalam bentuk rangsangan atau stimulus, memproses informasi yang diterima, serta memberi tanggapan (respons) terhadap rangsangan.</p><p style="text-align: justify;"></p><p style="text-align: justify;"><strong>1.Sistem Saraf Manusia</strong></p><p style="text-align: justify;">Sistem saraf dalam menanggapi rangsangan melibatkan reseptor, konduktor, dan efektor. Reseptor adalah bagian tubuh yang berfungsi sebagai penerima rangsangan. Penerima rangsangan tersebut adalah indra. Konduktor adalah bagian tubuh yang berfungsi sebagai penghantar rangsangan. Bagian tersebut adalah sel-sel saraf (neuron) yang membentuk sistem saraf. Sel-sel saraf tersebut ada yang berfungsi membawa rangsangan ke pusat saraf dan ada juga yang membawa pesan dari pusat saraf. Efektor adalah bagian tubuh yang menanggapi rangsangan, yaitu otot dan kelenjar (baik kelenjar endokrin dan kelenjar eksokrin).</p><p style="text-align: justify;"></p><p style="text-align: justify;"><strong>a.Bagian-bagian sel saraf</strong></p><p style="text-align: justify;">Sistem saraf tersusun atas komponen-komponen terkecil yang dinamakan sel-sel saraf atau neuron. Sel-sel saraf tersebut berperan dalam menghantarkan impuls (rangsangan). Setiap satu sel saraf (neuron) terdiri atas tiga bagian, sebagai berikut.</p><ul class="list-disc ml-10"><li><p style="text-align: justify;"><strong>Badan sel</strong> berfungsi untuk menerima rangsangan dari dendrit dan meneruskannya ke akson. Badan sel saraf merupakan bagian yang paling besar dari sel saraf. Badan sel saraf terdiri atas inti sel (nukleus), sitoplasma, mitokondria, sentrosom, badan golgi, lisosom, dan badan nissl. Badan nissi merupakan kumpulan retikulum endoplasma tempat transportasi sintesis protein. Sitoplasma di dalamnya terdapat mitokondria yang berfungsi membangkitkan energi untuk membawa rangsangan.</p></li><li><p style="text-align: justify;"><strong>Dendrit</strong> berfungsi untuk menjalarkan impuls saraf menuju ke badan sel saraf. Dendrit merupakan serabut-serabut yang merupakan tonjolan sitoplasma. Dendrit adalah percabangan dari badan sel saraf yang biasanya berjumlah lebih dari satu pada setiap neuron.</p></li><li><p style="text-align: justify;"><strong>Akson (neurit)</strong> merupakan tonjolan sitoplasma yang panjang dengan ukuran lebih panjang daripada dendrit. Akson berfungsi untuk menjalarkan impuls saraf meninggalkan badan sel saraf ke neuron atau jaringan lainnya. Jumlah akson biasanya hanya satu pada setiap neuron. Benang-benang halus yang disebut neurofibril terdapat di dalam akson.</p></li></ul><p style="text-align: justify;"></p><p style="text-align: justify;"></p><p style="text-align: justify;">Bagian ujung yang jauh dari badan sel saraf terdapat cabang-cabang yang berhubungan dengan dendrit dari sel saraf yang lain. Akson terbungkus oleh beberapa lapis selaput mielin yang banyak mengandung lemak. Selaput mielin disusun oleh sel-sel Schwann. Lapisan mielin yang paling luar disebut neurilema. Lapisan tersebut berfungsi untuk melindungi akson dari kerusakan.</p><p style="text-align: justify;">Sel Schwann membentuk jaringan yang membantu menyediakan makanan untuk neurit dan membantu regenerasi neurit. Selubung mielin bersegmen-segmen. Lekukan di antara dua segmen disebut nodus ranvier. Nodus ranvier berfungsi mempercepat transmisi impuls saraf. Adanya nodus ranvier memungkinkan saraf meloncat dari satu nodus ke nodus yang lain, sehingga impuls lebih cepat sampai pada tujuan.</p><p style="text-align: justify;">Pertemuan antara serabut saraf dari sel saraf yang satu dengan serabut saraf dari sel saraf yang lain disebut sinapsis. Setiap sinapsis terdapat celah sinapsis. Sinapsis juga berfungsi sebagai penghubung antara ujung akson salah satu sel saraf dengan ujung dendrit sel saraf yang lain. Bagian ujung akson terdapat kantong yang disebut bulbus akson. Kantong tersebut berisi zat kimia yang disebut neurotransmiter. Neurotransmiter dapat berupa asetilkolin dan kolinesterase yang berfungsi dalam penyampaian impuls saraf pada sinapsis.</p><p style="text-align: justify;"></p><p style="text-align: justify;"><strong>b. Jenis-jenis sel saraf</strong></p><p style="text-align: justify;">Berdasarkan fungsinya, sel saraf dibedakan menjadi tiga, yaitu sel saraf sensorik, sel saraf motorik, dan sel saraf asosiasi yang dapat dijelaskan sebagai berikut.</p><p style="text-align: justify;"></p>			6	2025-12-13 19:32:03.270922+07	2
\.


--
-- Data for Name: socialaccount_socialaccount; Type: TABLE DATA; Schema: public; Owner: ardhan
--

COPY public.socialaccount_socialaccount (id, provider, uid, last_login, date_joined, extra_data, user_id) FROM stdin;
\.


--
-- Data for Name: socialaccount_socialapp; Type: TABLE DATA; Schema: public; Owner: ardhan
--

COPY public.socialaccount_socialapp (id, provider, name, client_id, secret, key, provider_id, settings) FROM stdin;
\.


--
-- Data for Name: socialaccount_socialapp_sites; Type: TABLE DATA; Schema: public; Owner: ardhan
--

COPY public.socialaccount_socialapp_sites (id, socialapp_id, site_id) FROM stdin;
\.


--
-- Data for Name: socialaccount_socialtoken; Type: TABLE DATA; Schema: public; Owner: ardhan
--

COPY public.socialaccount_socialtoken (id, token, token_secret, expires_at, account_id, app_id) FROM stdin;
\.


--
-- Name: account_emailaddress_id_seq; Type: SEQUENCE SET; Schema: public; Owner: ardhan
--

SELECT pg_catalog.setval('public.account_emailaddress_id_seq', 1, false);


--
-- Name: account_emailconfirmation_id_seq; Type: SEQUENCE SET; Schema: public; Owner: ardhan
--

SELECT pg_catalog.setval('public.account_emailconfirmation_id_seq', 1, false);


--
-- Name: accounts_user_groups_id_seq; Type: SEQUENCE SET; Schema: public; Owner: ardhan
--

SELECT pg_catalog.setval('public.accounts_user_groups_id_seq', 1, false);


--
-- Name: accounts_user_id_seq; Type: SEQUENCE SET; Schema: public; Owner: ardhan
--

SELECT pg_catalog.setval('public.accounts_user_id_seq', 3, true);


--
-- Name: accounts_user_user_permissions_id_seq; Type: SEQUENCE SET; Schema: public; Owner: ardhan
--

SELECT pg_catalog.setval('public.accounts_user_user_permissions_id_seq', 1, false);


--
-- Name: auth_group_id_seq; Type: SEQUENCE SET; Schema: public; Owner: ardhan
--

SELECT pg_catalog.setval('public.auth_group_id_seq', 1, false);


--
-- Name: auth_group_permissions_id_seq; Type: SEQUENCE SET; Schema: public; Owner: ardhan
--

SELECT pg_catalog.setval('public.auth_group_permissions_id_seq', 1, false);


--
-- Name: auth_permission_id_seq; Type: SEQUENCE SET; Schema: public; Owner: ardhan
--

SELECT pg_catalog.setval('public.auth_permission_id_seq', 60, true);


--
-- Name: django_admin_log_id_seq; Type: SEQUENCE SET; Schema: public; Owner: ardhan
--

SELECT pg_catalog.setval('public.django_admin_log_id_seq', 29, true);


--
-- Name: django_content_type_id_seq; Type: SEQUENCE SET; Schema: public; Owner: ardhan
--

SELECT pg_catalog.setval('public.django_content_type_id_seq', 15, true);


--
-- Name: django_migrations_id_seq; Type: SEQUENCE SET; Schema: public; Owner: ardhan
--

SELECT pg_catalog.setval('public.django_migrations_id_seq', 41, true);


--
-- Name: django_site_id_seq; Type: SEQUENCE SET; Schema: public; Owner: ardhan
--

SELECT pg_catalog.setval('public.django_site_id_seq', 1, true);


--
-- Name: materi_matapelajaran_id_seq; Type: SEQUENCE SET; Schema: public; Owner: ardhan
--

SELECT pg_catalog.setval('public.materi_matapelajaran_id_seq', 1, true);


--
-- Name: materi_materiutama_id_seq; Type: SEQUENCE SET; Schema: public; Owner: ardhan
--

SELECT pg_catalog.setval('public.materi_materiutama_id_seq', 3, true);


--
-- Name: materi_submateri_id_seq; Type: SEQUENCE SET; Schema: public; Owner: ardhan
--

SELECT pg_catalog.setval('public.materi_submateri_id_seq', 25, true);


--
-- Name: socialaccount_socialaccount_id_seq; Type: SEQUENCE SET; Schema: public; Owner: ardhan
--

SELECT pg_catalog.setval('public.socialaccount_socialaccount_id_seq', 1, false);


--
-- Name: socialaccount_socialapp_id_seq; Type: SEQUENCE SET; Schema: public; Owner: ardhan
--

SELECT pg_catalog.setval('public.socialaccount_socialapp_id_seq', 1, false);


--
-- Name: socialaccount_socialapp_sites_id_seq; Type: SEQUENCE SET; Schema: public; Owner: ardhan
--

SELECT pg_catalog.setval('public.socialaccount_socialapp_sites_id_seq', 1, false);


--
-- Name: socialaccount_socialtoken_id_seq; Type: SEQUENCE SET; Schema: public; Owner: ardhan
--

SELECT pg_catalog.setval('public.socialaccount_socialtoken_id_seq', 1, false);


--
-- Name: account_emailaddress account_emailaddress_pkey; Type: CONSTRAINT; Schema: public; Owner: ardhan
--

ALTER TABLE ONLY public.account_emailaddress
    ADD CONSTRAINT account_emailaddress_pkey PRIMARY KEY (id);


--
-- Name: account_emailaddress account_emailaddress_user_id_email_987c8728_uniq; Type: CONSTRAINT; Schema: public; Owner: ardhan
--

ALTER TABLE ONLY public.account_emailaddress
    ADD CONSTRAINT account_emailaddress_user_id_email_987c8728_uniq UNIQUE (user_id, email);


--
-- Name: account_emailconfirmation account_emailconfirmation_key_key; Type: CONSTRAINT; Schema: public; Owner: ardhan
--

ALTER TABLE ONLY public.account_emailconfirmation
    ADD CONSTRAINT account_emailconfirmation_key_key UNIQUE (key);


--
-- Name: account_emailconfirmation account_emailconfirmation_pkey; Type: CONSTRAINT; Schema: public; Owner: ardhan
--

ALTER TABLE ONLY public.account_emailconfirmation
    ADD CONSTRAINT account_emailconfirmation_pkey PRIMARY KEY (id);


--
-- Name: accounts_user_groups accounts_user_groups_pkey; Type: CONSTRAINT; Schema: public; Owner: ardhan
--

ALTER TABLE ONLY public.accounts_user_groups
    ADD CONSTRAINT accounts_user_groups_pkey PRIMARY KEY (id);


--
-- Name: accounts_user_groups accounts_user_groups_user_id_group_id_59c0b32f_uniq; Type: CONSTRAINT; Schema: public; Owner: ardhan
--

ALTER TABLE ONLY public.accounts_user_groups
    ADD CONSTRAINT accounts_user_groups_user_id_group_id_59c0b32f_uniq UNIQUE (user_id, group_id);


--
-- Name: accounts_user accounts_user_pkey; Type: CONSTRAINT; Schema: public; Owner: ardhan
--

ALTER TABLE ONLY public.accounts_user
    ADD CONSTRAINT accounts_user_pkey PRIMARY KEY (id);


--
-- Name: accounts_user_user_permissions accounts_user_user_permi_user_id_permission_id_2ab516c2_uniq; Type: CONSTRAINT; Schema: public; Owner: ardhan
--

ALTER TABLE ONLY public.accounts_user_user_permissions
    ADD CONSTRAINT accounts_user_user_permi_user_id_permission_id_2ab516c2_uniq UNIQUE (user_id, permission_id);


--
-- Name: accounts_user_user_permissions accounts_user_user_permissions_pkey; Type: CONSTRAINT; Schema: public; Owner: ardhan
--

ALTER TABLE ONLY public.accounts_user_user_permissions
    ADD CONSTRAINT accounts_user_user_permissions_pkey PRIMARY KEY (id);


--
-- Name: accounts_user accounts_user_username_key; Type: CONSTRAINT; Schema: public; Owner: ardhan
--

ALTER TABLE ONLY public.accounts_user
    ADD CONSTRAINT accounts_user_username_key UNIQUE (username);


--
-- Name: auth_group auth_group_name_key; Type: CONSTRAINT; Schema: public; Owner: ardhan
--

ALTER TABLE ONLY public.auth_group
    ADD CONSTRAINT auth_group_name_key UNIQUE (name);


--
-- Name: auth_group_permissions auth_group_permissions_group_id_permission_id_0cd325b0_uniq; Type: CONSTRAINT; Schema: public; Owner: ardhan
--

ALTER TABLE ONLY public.auth_group_permissions
    ADD CONSTRAINT auth_group_permissions_group_id_permission_id_0cd325b0_uniq UNIQUE (group_id, permission_id);


--
-- Name: auth_group_permissions auth_group_permissions_pkey; Type: CONSTRAINT; Schema: public; Owner: ardhan
--

ALTER TABLE ONLY public.auth_group_permissions
    ADD CONSTRAINT auth_group_permissions_pkey PRIMARY KEY (id);


--
-- Name: auth_group auth_group_pkey; Type: CONSTRAINT; Schema: public; Owner: ardhan
--

ALTER TABLE ONLY public.auth_group
    ADD CONSTRAINT auth_group_pkey PRIMARY KEY (id);


--
-- Name: auth_permission auth_permission_content_type_id_codename_01ab375a_uniq; Type: CONSTRAINT; Schema: public; Owner: ardhan
--

ALTER TABLE ONLY public.auth_permission
    ADD CONSTRAINT auth_permission_content_type_id_codename_01ab375a_uniq UNIQUE (content_type_id, codename);


--
-- Name: auth_permission auth_permission_pkey; Type: CONSTRAINT; Schema: public; Owner: ardhan
--

ALTER TABLE ONLY public.auth_permission
    ADD CONSTRAINT auth_permission_pkey PRIMARY KEY (id);


--
-- Name: django_admin_log django_admin_log_pkey; Type: CONSTRAINT; Schema: public; Owner: ardhan
--

ALTER TABLE ONLY public.django_admin_log
    ADD CONSTRAINT django_admin_log_pkey PRIMARY KEY (id);


--
-- Name: django_content_type django_content_type_app_label_model_76bd3d3b_uniq; Type: CONSTRAINT; Schema: public; Owner: ardhan
--

ALTER TABLE ONLY public.django_content_type
    ADD CONSTRAINT django_content_type_app_label_model_76bd3d3b_uniq UNIQUE (app_label, model);


--
-- Name: django_content_type django_content_type_pkey; Type: CONSTRAINT; Schema: public; Owner: ardhan
--

ALTER TABLE ONLY public.django_content_type
    ADD CONSTRAINT django_content_type_pkey PRIMARY KEY (id);


--
-- Name: django_migrations django_migrations_pkey; Type: CONSTRAINT; Schema: public; Owner: ardhan
--

ALTER TABLE ONLY public.django_migrations
    ADD CONSTRAINT django_migrations_pkey PRIMARY KEY (id);


--
-- Name: django_session django_session_pkey; Type: CONSTRAINT; Schema: public; Owner: ardhan
--

ALTER TABLE ONLY public.django_session
    ADD CONSTRAINT django_session_pkey PRIMARY KEY (session_key);


--
-- Name: django_site django_site_domain_a2e37b91_uniq; Type: CONSTRAINT; Schema: public; Owner: ardhan
--

ALTER TABLE ONLY public.django_site
    ADD CONSTRAINT django_site_domain_a2e37b91_uniq UNIQUE (domain);


--
-- Name: django_site django_site_pkey; Type: CONSTRAINT; Schema: public; Owner: ardhan
--

ALTER TABLE ONLY public.django_site
    ADD CONSTRAINT django_site_pkey PRIMARY KEY (id);


--
-- Name: materi_matapelajaran materi_matapelajaran_pkey; Type: CONSTRAINT; Schema: public; Owner: ardhan
--

ALTER TABLE ONLY public.materi_matapelajaran
    ADD CONSTRAINT materi_matapelajaran_pkey PRIMARY KEY (id);


--
-- Name: materi_matapelajaran materi_matapelajaran_slug_key; Type: CONSTRAINT; Schema: public; Owner: ardhan
--

ALTER TABLE ONLY public.materi_matapelajaran
    ADD CONSTRAINT materi_matapelajaran_slug_key UNIQUE (slug);


--
-- Name: materi_materiutama materi_materiutama_pkey; Type: CONSTRAINT; Schema: public; Owner: ardhan
--

ALTER TABLE ONLY public.materi_materiutama
    ADD CONSTRAINT materi_materiutama_pkey PRIMARY KEY (id);


--
-- Name: materi_materiutama materi_materiutama_slug_key; Type: CONSTRAINT; Schema: public; Owner: ardhan
--

ALTER TABLE ONLY public.materi_materiutama
    ADD CONSTRAINT materi_materiutama_slug_key UNIQUE (slug);


--
-- Name: materi_submateri materi_submateri_pkey; Type: CONSTRAINT; Schema: public; Owner: ardhan
--

ALTER TABLE ONLY public.materi_submateri
    ADD CONSTRAINT materi_submateri_pkey PRIMARY KEY (id);


--
-- Name: materi_submateri materi_submateri_slug_key; Type: CONSTRAINT; Schema: public; Owner: ardhan
--

ALTER TABLE ONLY public.materi_submateri
    ADD CONSTRAINT materi_submateri_slug_key UNIQUE (slug);


--
-- Name: socialaccount_socialaccount socialaccount_socialaccount_pkey; Type: CONSTRAINT; Schema: public; Owner: ardhan
--

ALTER TABLE ONLY public.socialaccount_socialaccount
    ADD CONSTRAINT socialaccount_socialaccount_pkey PRIMARY KEY (id);


--
-- Name: socialaccount_socialaccount socialaccount_socialaccount_provider_uid_fc810c6e_uniq; Type: CONSTRAINT; Schema: public; Owner: ardhan
--

ALTER TABLE ONLY public.socialaccount_socialaccount
    ADD CONSTRAINT socialaccount_socialaccount_provider_uid_fc810c6e_uniq UNIQUE (provider, uid);


--
-- Name: socialaccount_socialapp_sites socialaccount_socialapp__socialapp_id_site_id_71a9a768_uniq; Type: CONSTRAINT; Schema: public; Owner: ardhan
--

ALTER TABLE ONLY public.socialaccount_socialapp_sites
    ADD CONSTRAINT socialaccount_socialapp__socialapp_id_site_id_71a9a768_uniq UNIQUE (socialapp_id, site_id);


--
-- Name: socialaccount_socialapp socialaccount_socialapp_pkey; Type: CONSTRAINT; Schema: public; Owner: ardhan
--

ALTER TABLE ONLY public.socialaccount_socialapp
    ADD CONSTRAINT socialaccount_socialapp_pkey PRIMARY KEY (id);


--
-- Name: socialaccount_socialapp_sites socialaccount_socialapp_sites_pkey; Type: CONSTRAINT; Schema: public; Owner: ardhan
--

ALTER TABLE ONLY public.socialaccount_socialapp_sites
    ADD CONSTRAINT socialaccount_socialapp_sites_pkey PRIMARY KEY (id);


--
-- Name: socialaccount_socialtoken socialaccount_socialtoken_app_id_account_id_fca4e0ac_uniq; Type: CONSTRAINT; Schema: public; Owner: ardhan
--

ALTER TABLE ONLY public.socialaccount_socialtoken
    ADD CONSTRAINT socialaccount_socialtoken_app_id_account_id_fca4e0ac_uniq UNIQUE (app_id, account_id);


--
-- Name: socialaccount_socialtoken socialaccount_socialtoken_pkey; Type: CONSTRAINT; Schema: public; Owner: ardhan
--

ALTER TABLE ONLY public.socialaccount_socialtoken
    ADD CONSTRAINT socialaccount_socialtoken_pkey PRIMARY KEY (id);


--
-- Name: account_emailaddress_email_03be32b2; Type: INDEX; Schema: public; Owner: ardhan
--

CREATE INDEX account_emailaddress_email_03be32b2 ON public.account_emailaddress USING btree (email);


--
-- Name: account_emailaddress_email_03be32b2_like; Type: INDEX; Schema: public; Owner: ardhan
--

CREATE INDEX account_emailaddress_email_03be32b2_like ON public.account_emailaddress USING btree (email varchar_pattern_ops);


--
-- Name: account_emailaddress_user_id_2c513194; Type: INDEX; Schema: public; Owner: ardhan
--

CREATE INDEX account_emailaddress_user_id_2c513194 ON public.account_emailaddress USING btree (user_id);


--
-- Name: account_emailconfirmation_email_address_id_5b7f8c58; Type: INDEX; Schema: public; Owner: ardhan
--

CREATE INDEX account_emailconfirmation_email_address_id_5b7f8c58 ON public.account_emailconfirmation USING btree (email_address_id);


--
-- Name: account_emailconfirmation_key_f43612bd_like; Type: INDEX; Schema: public; Owner: ardhan
--

CREATE INDEX account_emailconfirmation_key_f43612bd_like ON public.account_emailconfirmation USING btree (key varchar_pattern_ops);


--
-- Name: accounts_user_groups_group_id_bd11a704; Type: INDEX; Schema: public; Owner: ardhan
--

CREATE INDEX accounts_user_groups_group_id_bd11a704 ON public.accounts_user_groups USING btree (group_id);


--
-- Name: accounts_user_groups_user_id_52b62117; Type: INDEX; Schema: public; Owner: ardhan
--

CREATE INDEX accounts_user_groups_user_id_52b62117 ON public.accounts_user_groups USING btree (user_id);


--
-- Name: accounts_user_user_permissions_permission_id_113bb443; Type: INDEX; Schema: public; Owner: ardhan
--

CREATE INDEX accounts_user_user_permissions_permission_id_113bb443 ON public.accounts_user_user_permissions USING btree (permission_id);


--
-- Name: accounts_user_user_permissions_user_id_e4f0a161; Type: INDEX; Schema: public; Owner: ardhan
--

CREATE INDEX accounts_user_user_permissions_user_id_e4f0a161 ON public.accounts_user_user_permissions USING btree (user_id);


--
-- Name: accounts_user_username_6088629e_like; Type: INDEX; Schema: public; Owner: ardhan
--

CREATE INDEX accounts_user_username_6088629e_like ON public.accounts_user USING btree (username varchar_pattern_ops);


--
-- Name: auth_group_name_a6ea08ec_like; Type: INDEX; Schema: public; Owner: ardhan
--

CREATE INDEX auth_group_name_a6ea08ec_like ON public.auth_group USING btree (name varchar_pattern_ops);


--
-- Name: auth_group_permissions_group_id_b120cbf9; Type: INDEX; Schema: public; Owner: ardhan
--

CREATE INDEX auth_group_permissions_group_id_b120cbf9 ON public.auth_group_permissions USING btree (group_id);


--
-- Name: auth_group_permissions_permission_id_84c5c92e; Type: INDEX; Schema: public; Owner: ardhan
--

CREATE INDEX auth_group_permissions_permission_id_84c5c92e ON public.auth_group_permissions USING btree (permission_id);


--
-- Name: auth_permission_content_type_id_2f476e4b; Type: INDEX; Schema: public; Owner: ardhan
--

CREATE INDEX auth_permission_content_type_id_2f476e4b ON public.auth_permission USING btree (content_type_id);


--
-- Name: django_admin_log_content_type_id_c4bce8eb; Type: INDEX; Schema: public; Owner: ardhan
--

CREATE INDEX django_admin_log_content_type_id_c4bce8eb ON public.django_admin_log USING btree (content_type_id);


--
-- Name: django_admin_log_user_id_c564eba6; Type: INDEX; Schema: public; Owner: ardhan
--

CREATE INDEX django_admin_log_user_id_c564eba6 ON public.django_admin_log USING btree (user_id);


--
-- Name: django_session_expire_date_a5c62663; Type: INDEX; Schema: public; Owner: ardhan
--

CREATE INDEX django_session_expire_date_a5c62663 ON public.django_session USING btree (expire_date);


--
-- Name: django_session_session_key_c0390e0f_like; Type: INDEX; Schema: public; Owner: ardhan
--

CREATE INDEX django_session_session_key_c0390e0f_like ON public.django_session USING btree (session_key varchar_pattern_ops);


--
-- Name: django_site_domain_a2e37b91_like; Type: INDEX; Schema: public; Owner: ardhan
--

CREATE INDEX django_site_domain_a2e37b91_like ON public.django_site USING btree (domain varchar_pattern_ops);


--
-- Name: materi_matapelajaran_slug_36adbc49_like; Type: INDEX; Schema: public; Owner: ardhan
--

CREATE INDEX materi_matapelajaran_slug_36adbc49_like ON public.materi_matapelajaran USING btree (slug varchar_pattern_ops);


--
-- Name: materi_materiutama_slug_a37a6549_like; Type: INDEX; Schema: public; Owner: ardhan
--

CREATE INDEX materi_materiutama_slug_a37a6549_like ON public.materi_materiutama USING btree (slug varchar_pattern_ops);


--
-- Name: materi_submateri_parent_id_2a0ed347; Type: INDEX; Schema: public; Owner: ardhan
--

CREATE INDEX materi_submateri_parent_id_2a0ed347 ON public.materi_submateri USING btree (parent_id);


--
-- Name: materi_submateri_slug_17f10c69_like; Type: INDEX; Schema: public; Owner: ardhan
--

CREATE INDEX materi_submateri_slug_17f10c69_like ON public.materi_submateri USING btree (slug varchar_pattern_ops);


--
-- Name: socialaccount_socialaccount_user_id_8146e70c; Type: INDEX; Schema: public; Owner: ardhan
--

CREATE INDEX socialaccount_socialaccount_user_id_8146e70c ON public.socialaccount_socialaccount USING btree (user_id);


--
-- Name: socialaccount_socialapp_sites_site_id_2579dee5; Type: INDEX; Schema: public; Owner: ardhan
--

CREATE INDEX socialaccount_socialapp_sites_site_id_2579dee5 ON public.socialaccount_socialapp_sites USING btree (site_id);


--
-- Name: socialaccount_socialapp_sites_socialapp_id_97fb6e7d; Type: INDEX; Schema: public; Owner: ardhan
--

CREATE INDEX socialaccount_socialapp_sites_socialapp_id_97fb6e7d ON public.socialaccount_socialapp_sites USING btree (socialapp_id);


--
-- Name: socialaccount_socialtoken_account_id_951f210e; Type: INDEX; Schema: public; Owner: ardhan
--

CREATE INDEX socialaccount_socialtoken_account_id_951f210e ON public.socialaccount_socialtoken USING btree (account_id);


--
-- Name: socialaccount_socialtoken_app_id_636a42d7; Type: INDEX; Schema: public; Owner: ardhan
--

CREATE INDEX socialaccount_socialtoken_app_id_636a42d7 ON public.socialaccount_socialtoken USING btree (app_id);


--
-- Name: unique_primary_email; Type: INDEX; Schema: public; Owner: ardhan
--

CREATE UNIQUE INDEX unique_primary_email ON public.account_emailaddress USING btree (user_id, "primary") WHERE "primary";


--
-- Name: unique_verified_email; Type: INDEX; Schema: public; Owner: ardhan
--

CREATE UNIQUE INDEX unique_verified_email ON public.account_emailaddress USING btree (email) WHERE verified;


--
-- Name: account_emailaddress account_emailaddress_user_id_2c513194_fk_accounts_user_id; Type: FK CONSTRAINT; Schema: public; Owner: ardhan
--

ALTER TABLE ONLY public.account_emailaddress
    ADD CONSTRAINT account_emailaddress_user_id_2c513194_fk_accounts_user_id FOREIGN KEY (user_id) REFERENCES public.accounts_user(id) DEFERRABLE INITIALLY DEFERRED;


--
-- Name: account_emailconfirmation account_emailconfirm_email_address_id_5b7f8c58_fk_account_e; Type: FK CONSTRAINT; Schema: public; Owner: ardhan
--

ALTER TABLE ONLY public.account_emailconfirmation
    ADD CONSTRAINT account_emailconfirm_email_address_id_5b7f8c58_fk_account_e FOREIGN KEY (email_address_id) REFERENCES public.account_emailaddress(id) DEFERRABLE INITIALLY DEFERRED;


--
-- Name: accounts_user_groups accounts_user_groups_group_id_bd11a704_fk_auth_group_id; Type: FK CONSTRAINT; Schema: public; Owner: ardhan
--

ALTER TABLE ONLY public.accounts_user_groups
    ADD CONSTRAINT accounts_user_groups_group_id_bd11a704_fk_auth_group_id FOREIGN KEY (group_id) REFERENCES public.auth_group(id) DEFERRABLE INITIALLY DEFERRED;


--
-- Name: accounts_user_groups accounts_user_groups_user_id_52b62117_fk_accounts_user_id; Type: FK CONSTRAINT; Schema: public; Owner: ardhan
--

ALTER TABLE ONLY public.accounts_user_groups
    ADD CONSTRAINT accounts_user_groups_user_id_52b62117_fk_accounts_user_id FOREIGN KEY (user_id) REFERENCES public.accounts_user(id) DEFERRABLE INITIALLY DEFERRED;


--
-- Name: accounts_user_user_permissions accounts_user_user_p_permission_id_113bb443_fk_auth_perm; Type: FK CONSTRAINT; Schema: public; Owner: ardhan
--

ALTER TABLE ONLY public.accounts_user_user_permissions
    ADD CONSTRAINT accounts_user_user_p_permission_id_113bb443_fk_auth_perm FOREIGN KEY (permission_id) REFERENCES public.auth_permission(id) DEFERRABLE INITIALLY DEFERRED;


--
-- Name: accounts_user_user_permissions accounts_user_user_p_user_id_e4f0a161_fk_accounts_; Type: FK CONSTRAINT; Schema: public; Owner: ardhan
--

ALTER TABLE ONLY public.accounts_user_user_permissions
    ADD CONSTRAINT accounts_user_user_p_user_id_e4f0a161_fk_accounts_ FOREIGN KEY (user_id) REFERENCES public.accounts_user(id) DEFERRABLE INITIALLY DEFERRED;


--
-- Name: auth_group_permissions auth_group_permissio_permission_id_84c5c92e_fk_auth_perm; Type: FK CONSTRAINT; Schema: public; Owner: ardhan
--

ALTER TABLE ONLY public.auth_group_permissions
    ADD CONSTRAINT auth_group_permissio_permission_id_84c5c92e_fk_auth_perm FOREIGN KEY (permission_id) REFERENCES public.auth_permission(id) DEFERRABLE INITIALLY DEFERRED;


--
-- Name: auth_group_permissions auth_group_permissions_group_id_b120cbf9_fk_auth_group_id; Type: FK CONSTRAINT; Schema: public; Owner: ardhan
--

ALTER TABLE ONLY public.auth_group_permissions
    ADD CONSTRAINT auth_group_permissions_group_id_b120cbf9_fk_auth_group_id FOREIGN KEY (group_id) REFERENCES public.auth_group(id) DEFERRABLE INITIALLY DEFERRED;


--
-- Name: auth_permission auth_permission_content_type_id_2f476e4b_fk_django_co; Type: FK CONSTRAINT; Schema: public; Owner: ardhan
--

ALTER TABLE ONLY public.auth_permission
    ADD CONSTRAINT auth_permission_content_type_id_2f476e4b_fk_django_co FOREIGN KEY (content_type_id) REFERENCES public.django_content_type(id) DEFERRABLE INITIALLY DEFERRED;


--
-- Name: django_admin_log django_admin_log_content_type_id_c4bce8eb_fk_django_co; Type: FK CONSTRAINT; Schema: public; Owner: ardhan
--

ALTER TABLE ONLY public.django_admin_log
    ADD CONSTRAINT django_admin_log_content_type_id_c4bce8eb_fk_django_co FOREIGN KEY (content_type_id) REFERENCES public.django_content_type(id) DEFERRABLE INITIALLY DEFERRED;


--
-- Name: django_admin_log django_admin_log_user_id_c564eba6_fk_accounts_user_id; Type: FK CONSTRAINT; Schema: public; Owner: ardhan
--

ALTER TABLE ONLY public.django_admin_log
    ADD CONSTRAINT django_admin_log_user_id_c564eba6_fk_accounts_user_id FOREIGN KEY (user_id) REFERENCES public.accounts_user(id) DEFERRABLE INITIALLY DEFERRED;


--
-- Name: materi_submateri materi_submateri_parent_id_2a0ed347_fk_materi_materiutama_id; Type: FK CONSTRAINT; Schema: public; Owner: ardhan
--

ALTER TABLE ONLY public.materi_submateri
    ADD CONSTRAINT materi_submateri_parent_id_2a0ed347_fk_materi_materiutama_id FOREIGN KEY (parent_id) REFERENCES public.materi_materiutama(id) DEFERRABLE INITIALLY DEFERRED;


--
-- Name: socialaccount_socialtoken socialaccount_social_account_id_951f210e_fk_socialacc; Type: FK CONSTRAINT; Schema: public; Owner: ardhan
--

ALTER TABLE ONLY public.socialaccount_socialtoken
    ADD CONSTRAINT socialaccount_social_account_id_951f210e_fk_socialacc FOREIGN KEY (account_id) REFERENCES public.socialaccount_socialaccount(id) DEFERRABLE INITIALLY DEFERRED;


--
-- Name: socialaccount_socialtoken socialaccount_social_app_id_636a42d7_fk_socialacc; Type: FK CONSTRAINT; Schema: public; Owner: ardhan
--

ALTER TABLE ONLY public.socialaccount_socialtoken
    ADD CONSTRAINT socialaccount_social_app_id_636a42d7_fk_socialacc FOREIGN KEY (app_id) REFERENCES public.socialaccount_socialapp(id) DEFERRABLE INITIALLY DEFERRED;


--
-- Name: socialaccount_socialapp_sites socialaccount_social_site_id_2579dee5_fk_django_si; Type: FK CONSTRAINT; Schema: public; Owner: ardhan
--

ALTER TABLE ONLY public.socialaccount_socialapp_sites
    ADD CONSTRAINT socialaccount_social_site_id_2579dee5_fk_django_si FOREIGN KEY (site_id) REFERENCES public.django_site(id) DEFERRABLE INITIALLY DEFERRED;


--
-- Name: socialaccount_socialapp_sites socialaccount_social_socialapp_id_97fb6e7d_fk_socialacc; Type: FK CONSTRAINT; Schema: public; Owner: ardhan
--

ALTER TABLE ONLY public.socialaccount_socialapp_sites
    ADD CONSTRAINT socialaccount_social_socialapp_id_97fb6e7d_fk_socialacc FOREIGN KEY (socialapp_id) REFERENCES public.socialaccount_socialapp(id) DEFERRABLE INITIALLY DEFERRED;


--
-- Name: socialaccount_socialaccount socialaccount_social_user_id_8146e70c_fk_accounts_; Type: FK CONSTRAINT; Schema: public; Owner: ardhan
--

ALTER TABLE ONLY public.socialaccount_socialaccount
    ADD CONSTRAINT socialaccount_social_user_id_8146e70c_fk_accounts_ FOREIGN KEY (user_id) REFERENCES public.accounts_user(id) DEFERRABLE INITIALLY DEFERRED;


--
-- PostgreSQL database dump complete
--

\unrestrict a9ObrtSN9SwSTTldwDLK9btgTwkPk0AganKbTFhfPTe6RSAHgyVKbH81eWjaPwD

